handout,handout_name,row_id,original_entry,original_decision,chapter,topic,book_printed_pages,source_pages,integrated_disposition,integrated_ids,detail
IM,Before Mid-Module Internal Medicine Extras (GIT Internal Med),C1-01,,duplicate/exclude,1,"GI tract functions, enteric nervous system, immune role",1-2,GIT Internal Med p. 1,excluded by original handout,,Generic introductory statements with no clinical/examinable incremental value (filler).
IM,Before Mid-Module Internal Medicine Extras (GIT Internal Med),C1-02,C1-02,include,1,Functional vs organic symptoms; 20% of cancers are GI,2,GIT Internal Med p. 1,retained,E01.01,
IM,Before Mid-Module Internal Medicine Extras (GIT Internal Med),C1-03,,duplicate/exclude,1,Alarm symptoms,2,GIT Internal Med p. 1,excluded by original handout,,Fully covered.
IM,Before Mid-Module Internal Medicine Extras (GIT Internal Med),C1-04,,duplicate/exclude,1,"Stomatitis, angular stomatitis, dysphagia, odynophagia, dyspepsia definitions",2-3,GIT Internal Med p. 1,excluded by original handout,,Covered; dentures example is trivial.
IM,Before Mid-Module Internal Medicine Extras (GIT Internal Med),C1-05,C1-05/06/08,include,1,Mechanism of vomiting,3,GIT Internal Med p. 2,retained,E01.02,
IM,Before Mid-Module Internal Medicine Extras (GIT Internal Med),C1-06,C1-05/06/08,include,1,Phases before vomiting: nausea and retching,3,GIT Internal Med p. 2,retained,E01.02,
IM,Before Mid-Module Internal Medicine Extras (GIT Internal Med),C1-07,,duplicate/exclude,1,Character of vomitus,3,GIT Internal Med p. 2,excluded by original handout,,Covered in other MAIN chapters within 1-197.
IM,Before Mid-Module Internal Medicine Extras (GIT Internal Med),C1-08,C1-05/06/08,include,1,Causes of vomiting: vestibular disease,3,GIT Internal Med p. 2,retained,E01.02,
IM,Before Mid-Module Internal Medicine Extras (GIT Internal Med),C1-09,C1-09,include,1,Flatulence,3,GIT Internal Med p. 2,retained,E01.03,
IM,Before Mid-Module Internal Medicine Extras (GIT Internal Med),C1-10,,duplicate/exclude,1,Diarrhoea definition and clinical clues,3,GIT Internal Med p. 3,excluded by original handout,,Fully covered.
IM,Before Mid-Module Internal Medicine Extras (GIT Internal Med),C1-11,,duplicate/exclude,1,Constipation definition,3-4,GIT Internal Med p. 3,excluded by original handout,,Covered.
IM,Before Mid-Module Internal Medicine Extras (GIT Internal Med),C1-12,C1-12,include,1,Abdominal pain mechanism and pseudo-acute abdomen,4,GIT Internal Med p. 4,retained,E01.04,E01.04: Merged IM C1-12 (addition: porphyria) with IM pearl C1-13/14/15: same book page and section (abdominal pain).
IM,Before Mid-Module Internal Medicine Extras (GIT Internal Med),C1-13,C1-13/14/15,include,1,"Epigastric pain: food, functional dyspepsia vs peptic ulcer, heartburn",4,GIT Internal Med p. 4,retained,E01.04,E01.04: Merged IM C1-12 (addition: porphyria) with IM pearl C1-13/14/15: same book page and section (abdominal pain).
IM,Before Mid-Module Internal Medicine Extras (GIT Internal Med),C1-14,C1-13/14/15,include,1,Right hypochondrial pain,4,GIT Internal Med p. 4,retained,E01.04,E01.04: Merged IM C1-12 (addition: porphyria) with IM pearl C1-13/14/15: same book page and section (abdominal pain).
IM,Before Mid-Module Internal Medicine Extras (GIT Internal Med),C1-15,C1-13/14/15,include,1,Lower abdominal pain,4,GIT Internal Med p. 4,retained,E01.04,E01.04: Merged IM C1-12 (addition: porphyria) with IM pearl C1-13/14/15: same book page and section (abdominal pain).
IM,Before Mid-Module Internal Medicine Extras (GIT Internal Med),C1-16,,duplicate/exclude,1,Abdominal wall pain,4,GIT Internal Med p. 4,excluded by original handout,,Covered.
IM,Before Mid-Module Internal Medicine Extras (GIT Internal Med),C1-17,,duplicate/exclude,1,Anorexia and weight loss,4,GIT Internal Med p. 5,excluded by original handout,,Objective assessment clause is incremental.
IM,Before Mid-Module Internal Medicine Extras (GIT Internal Med),C1-18,,duplicate/exclude,1,Haematemesis and melaena definitions,4,GIT Internal Med p. 5,excluded by original handout,,Covered.
IM,Before Mid-Module Internal Medicine Extras (GIT Internal Med),C1-19,C1-19/20,include,1,Dark blood and clots without shock,4,GIT Internal Med p. 5,retained,E01.05,
IM,Before Mid-Module Internal Medicine Extras (GIT Internal Med),C1-20,C1-19/20,include,1,Haematochezia: ligament of Treitz and rapid transit,4,GIT Internal Med p. 5,retained,E01.05,
IM,Before Mid-Module Internal Medicine Extras (GIT Internal Med),C1-21,,duplicate/exclude,1,"Laboratory and stool tests, FOBT/FIT, calprotectin, tumour markers",5,GIT Internal Med p. 6,excluded by original handout,,Covered; no real disagreement on markers.
IM,Before Mid-Module Internal Medicine Extras (GIT Internal Med),C1-22,,duplicate/exclude,1,EGD,5,GIT Internal Med p. 6,excluded by original handout,,Covered (benign/malignant qualifier is paraphrase-level).
IM,Before Mid-Module Internal Medicine Extras (GIT Internal Med),C1-23,C1-23/24/25/26,include,1,Sigmoidoscopy: indications and reach,6,GIT Internal Med p. 6,retained,E01.06,
IM,Before Mid-Module Internal Medicine Extras (GIT Internal Med),C1-24,C1-23/24/25/26,include,1,Colonoscopy,6,GIT Internal Med p. 6,retained,E01.06,
IM,Before Mid-Module Internal Medicine Extras (GIT Internal Med),C1-25,C1-23/24/25/26,include,1,Balloon enteroscopy,7,GIT Internal Med p. 7,retained,E01.06,
IM,Before Mid-Module Internal Medicine Extras (GIT Internal Med),C1-26,C1-23/24/25/26,include,1,Capsule endoscopy contraindication,7,GIT Internal Med p. 7,retained,E01.06,
IM,Before Mid-Module Internal Medicine Extras (GIT Internal Med),C1-27,,duplicate/exclude,1,EUS,7,GIT Internal Med p. 7,excluded by original handout,,Covered.
IM,Before Mid-Module Internal Medicine Extras (GIT Internal Med),C1-28,,duplicate/exclude,1,Imaging: general principles,7,GIT Internal Med p. 7,excluded by original handout,,"Generic statement, excluded as filler."
IM,Before Mid-Module Internal Medicine Extras (GIT Internal Med),C1-29,C1-29/30/31/34,include,1,Plain X-ray,7,GIT Internal Med p. 7,retained,E01.07,
IM,Before Mid-Module Internal Medicine Extras (GIT Internal Med),C1-30,C1-29/30/31/34,include,1,Ultrasound,8,GIT Internal Med p. 7,retained,E01.07,
IM,Before Mid-Module Internal Medicine Extras (GIT Internal Med),C1-31,C1-29/30/31/34,include,1,CT: contrast and sensitivity,8,GIT Internal Med p. 8,retained,E01.07,
IM,Before Mid-Module Internal Medicine Extras (GIT Internal Med),C1-32,C1-32,include,1,CT colonography technique,8,GIT Internal Med p. 8,retained,E01.08,
IM,Before Mid-Module Internal Medicine Extras (GIT Internal Med),C1-33,,duplicate/exclude,1,MRI and MR enterography,8,GIT Internal Med p. 8,excluded by original handout,,Covered; remaining details (multiplanarity) are trivial.
IM,Before Mid-Module Internal Medicine Extras (GIT Internal Med),C1-34,C1-29/30/31/34,include,1,PET,8-9,GIT Internal Med p. 8,retained,E01.07,
IM,Before Mid-Module Internal Medicine Extras (GIT Internal Med),C1-35,C1-35/36/37,include,1,Barium swallow and double-contrast meal,9,GIT Internal Med p. 9,retained,E01.09,
IM,Before Mid-Module Internal Medicine Extras (GIT Internal Med),C1-36,C1-35/36/37,include,1,Small bowel follow-through,9,GIT Internal Med p. 9,retained,E01.09,
IM,Before Mid-Module Internal Medicine Extras (GIT Internal Med),C1-37,C1-35/36/37,include,1,Small bowel enema (enteroclysis),9,GIT Internal Med p. 9,retained,E01.09,
IM,Before Mid-Module Internal Medicine Extras (GIT Internal Med),C1-38,,duplicate/exclude,1,Barium enema and water-soluble contrast,9,GIT Internal Med p. 9,excluded by original handout,,Covered.
IM,Before Mid-Module Internal Medicine Extras (GIT Internal Med),GB-01,,duplicate/exclude,1,Definitions of hematemesis/melena; melena source proximal to right colon,"4, 50",GIT Internal Med p. 37,excluded by original handout,,Definitions and proximal-to-right-colon rule already in MAIN; IM's parenthetical 'ligament of Teriz' is garbled and not added.
IM,Before Mid-Module Internal Medicine Extras (GIT Internal Med),C2-01,,duplicate/exclude,2,Esophageal structure,11,GIT Internal Med p. 10,excluded by original handout,,Verbatim duplicate; IM figure is an unlabelled-content anatomy sketch already represented by MAIN Fig 2.1.
IM,Before Mid-Module Internal Medicine Extras (GIT Internal Med),C2-02,,duplicate/exclude,2,Dysphagia progression and causes; odynophagia; heartburn; regurgitation,11-12,GIT Internal Med p. 10,excluded by original handout,,Fully covered.
IM,Before Mid-Module Internal Medicine Extras (GIT Internal Med),C2-03,,duplicate/exclude,2,Signs and investigations,12-13,GIT Internal Med p. 11,excluded by original handout,,"Fully covered, including figures; IM manometry trace carries no additional explained content."
IM,Before Mid-Module Internal Medicine Extras (GIT Internal Med),C2-04,,duplicate/exclude,2,GERD pathophysiology/risk/clinical,13-14,GIT Internal Med p. 12,excluded by original handout,,Fully covered.
IM,Before Mid-Module Internal Medicine Extras (GIT Internal Med),C2-05,,duplicate/exclude,2,GERD diagnosis and reflux vs ischaemic pain,14,GIT Internal Med p. 12,excluded by original handout,,Fully covered.
IM,Before Mid-Module Internal Medicine Extras (GIT Internal Med),C2-06,,duplicate/exclude,2,"GERD treatment (simple measures, drugs, GERDX, ARMA, surgery) and peptic stricture",15,GIT Internal Med p. 13,excluded by original handout,,"Fully covered; IM p13 figure is the plication device, same content as text."
IM,Before Mid-Module Internal Medicine Extras (GIT Internal Med),C2-07,,duplicate/exclude,2,Barrett's esophagus,15-16,GIT Internal Med p. 14,excluded by original handout,,Fully covered.
IM,Before Mid-Module Internal Medicine Extras (GIT Internal Med),C2-08,,duplicate/exclude,2,Benign stricture,16,GIT Internal Med p. 14,excluded by original handout,,Fully covered.
IM,Before Mid-Module Internal Medicine Extras (GIT Internal Med),C2-09,,duplicate/exclude,2,Esophageal infections,16,GIT Internal Med p. 14,excluded by original handout,,Fully covered.
IM,Before Mid-Module Internal Medicine Extras (GIT Internal Med),C2-10,,duplicate/exclude,2,Hiatus hernia classification and risk factors,17,GIT Internal Med p. 15,excluded by original handout,,Fully covered.
IM,Before Mid-Module Internal Medicine Extras (GIT Internal Med),C2-11,,duplicate/exclude,2,Sliding hiatus hernia clinical features,17-18,GIT Internal Med p. 15,excluded by original handout,,Fully covered.
IM,Before Mid-Module Internal Medicine Extras (GIT Internal Med),C2-12,,duplicate/exclude,2,Hiatus hernia investigations,18-19,GIT Internal Med p. 16,excluded by original handout,,"Fully covered, including both images."
IM,Before Mid-Module Internal Medicine Extras (GIT Internal Med),C2-13,,duplicate/exclude,2,Lifestyle and drug treatment,19,GIT Internal Med p. 16-17,excluded by original handout,,Fully covered.
IM,Before Mid-Module Internal Medicine Extras (GIT Internal Med),C2-14,C2-14,include,2,Surgical indications for hiatus hernia/GERD,20,GIT Internal Med p. 17,retained,E02.01,
IM,Before Mid-Module Internal Medicine Extras (GIT Internal Med),C2-15,,duplicate/exclude,2,Aims of surgery and fundoplication technique,20,GIT Internal Med p. 17,excluded by original handout,,MAIN covers all and more.
IM,Before Mid-Module Internal Medicine Extras (GIT Internal Med),C2-16,,duplicate/exclude,2,Complications of fundoplication,21,GIT Internal Med p. 17,excluded by original handout,,MAIN is more detailed.
IM,Before Mid-Module Internal Medicine Extras (GIT Internal Med),C2-17,,duplicate/exclude,2,Achalasia definition to complications,21,GIT Internal Med p. 18,excluded by original handout,,"Fully covered; IM 'mesenteric' is a wording slip, not a substantive discrepancy worth flagging."
IM,Before Mid-Module Internal Medicine Extras (GIT Internal Med),C2-18,,duplicate/exclude,2,Achalasia investigations,22-23,GIT Internal Med p. 19,excluded by original handout,,Fully covered.
IM,Before Mid-Module Internal Medicine Extras (GIT Internal Med),C2-19,,duplicate/exclude,2,Achalasia management,23-24,GIT Internal Med p. 20,excluded by original handout,,MAIN covers all and more.
IM,Before Mid-Module Internal Medicine Extras (GIT Internal Med),C3-01,,duplicate/exclude,3,"Gastric regions, sphincters, secretory cells, Brunner's glands",34-35,GIT Internal Med p. 21,excluded by original handout,,Fully covered in MAIN.
IM,Before Mid-Module Internal Medicine Extras (GIT Internal Med),C3-02,C3-02/03,include,3,Gastric mucus composition,35,GIT Internal Med p. 21,retained,E03.01,
IM,Before Mid-Module Internal Medicine Extras (GIT Internal Med),C3-03,C3-02/03,include,3,Role of gastric acid and other gastric functions,35,GIT Internal Med p. 22,retained,E03.01,
IM,Before Mid-Module Internal Medicine Extras (GIT Internal Med),C3-04,,duplicate/exclude,3,Neural/hormonal regulation of acid via histamine; somatostatin,35,GIT Internal Med p. 22,excluded by original handout,,Covered (MAIN phrasing slightly fuller).
IM,Before Mid-Module Internal Medicine Extras (GIT Internal Med),C3-05,C3-05/06,include,3,Classification of gastritis and causes of gastropathy,35,GIT Internal Med p. 23,retained,E03.02,
IM,Before Mid-Module Internal Medicine Extras (GIT Internal Med),C3-06,C3-05/06,include,3,Causes of gastritis list,35-36,GIT Internal Med p. 23,retained,E03.02,
IM,Before Mid-Module Internal Medicine Extras (GIT Internal Med),C3-07,,duplicate/exclude,3,"Acute gastritis definition, erosive progression, etiology (NSAIDs/PGE2, stress, alcohol, caffeine, smoke, H. pylori)",35-36,GIT Internal Med p. 23-24,excluded by original handout,,Covered.
IM,Before Mid-Module Internal Medicine Extras (GIT Internal Med),C3-08,C3-08/09/11,include,3,Stress gastritis settings,"36, 42","GIT Internal Med p. 24, 32",retained,E03.03,E03.03: IM C3-11's treatment bullet moved into E03.07 (overlap with C3-23; audit B W1).
IM,Before Mid-Module Internal Medicine Extras (GIT Internal Med),C3-09,C3-08/09/11,include,3,Natural history: acute to chronic gastritis,"36, 42",GIT Internal Med p. 24,retained,E03.03,E03.03: IM C3-11's treatment bullet moved into E03.07 (overlap with C3-23; audit B W1).
IM,Before Mid-Module Internal Medicine Extras (GIT Internal Med),C3-10,,duplicate/exclude,3,Symptoms and diagnosis of acute gastritis,36,GIT Internal Med p. 24-25,excluded by original handout,,Covered.
IM,Before Mid-Module Internal Medicine Extras (GIT Internal Med),C3-11,C3-08/09/11,include,3,Treatment of acute gastritis: H2 blocker and specific risk-factor removal,36,GIT Internal Med p. 25,retained,E03.07,E03.07: Merged IM C3-11 treatment bullet with IM C3-23 (both: drug options for acute/erosive gastritis; audit B M2).
IM,Before Mid-Module Internal Medicine Extras (GIT Internal Med),C3-12,,duplicate/exclude,3,"Autoimmune gastritis mechanism, B12, iron, gastrin/ECL, pepsinogen, diagnosis","38, 42",GIT Internal Med p. 26,excluded by original handout,,Covered.
IM,Before Mid-Module Internal Medicine Extras (GIT Internal Med),C3-13,C3-13,discrepancy/needs review,3,Site label of autoimmune gastritis: 'pangastritis',"38, 42",GIT Internal Med p. 26,review point,R01,
IM,Before Mid-Module Internal Medicine Extras (GIT Internal Med),C3-14,C3-14,include,3,Intestinal metaplasia in atrophic gastritis,"38, 42, 72",GIT Internal Med p. 26,retained,E03.04,
IM,Before Mid-Module Internal Medicine Extras (GIT Internal Med),C3-15,,duplicate/exclude,3,"H. pylori biology, epidemiology, pathogenesis, DU/GU mechanisms, gastric cancer and MALT",38-40,GIT Internal Med p. 27-28,excluded by original handout,,Covered.
IM,Before Mid-Module Internal Medicine Extras (GIT Internal Med),C3-16,,duplicate/exclude,3,H. pylori testing indications and tests,40-41,GIT Internal Med p. 29-30,excluded by original handout,,Covered; IM figures are decorative (urea breath test diagram also in MAIN Fig 3.4).
IM,Before Mid-Module Internal Medicine Extras (GIT Internal Med),C3-17,C3-17,discrepancy/needs review,3,Triple therapy: duration and place in therapy,"41, 48",GIT Internal Med p. 31,review point,R03,
IM,Before Mid-Module Internal Medicine Extras (GIT Internal Med),C3-18,C3-18/19,include,3,Principles of eradication regimens; resistance; metronidazole side-effects,"41, 48",GIT Internal Med p. 31,retained,E03.05,
IM,Before Mid-Module Internal Medicine Extras (GIT Internal Med),C3-19,C3-18/19,include,3,Who should receive eradication,"40, 48, 52",GIT Internal Med p. 31,retained,E03.05,
IM,Before Mid-Module Internal Medicine Extras (GIT Internal Med),C3-20,,duplicate/exclude,3,"Bismuth quadruple, quinolone rescue, reinfection in developing countries",41,GIT Internal Med p. 31,excluded by original handout,,"Covered; quinolone rescue taught in MAIN (example drug differs - ciprofloxacin in IM, levofloxacin in MAIN - but both are given only as examples of the class)."
IM,Before Mid-Module Internal Medicine Extras (GIT Internal Med),C3-21,C3-21/27,include,3,Erosive and haemorrhagic gastritis: mechanism and chronic silent course,36-37,GIT Internal Med p. 32,retained,E03.06,E03.06: Trimmed the sentence on NSAID burden in the elderly: already on book p. 36 (audit B §5.1).
IM,Before Mid-Module Internal Medicine Extras (GIT Internal Med),C3-22,,duplicate/exclude,3,Erosive gastritis clinical picture and endoscopy,"36, 50-51",GIT Internal Med p. 32,excluded by original handout,,Covered.
IM,Before Mid-Module Internal Medicine Extras (GIT Internal Med),C3-23,C3-23,include,3,Sucralfate in erosive gastritis,48,GIT Internal Med p. 32,retained,E03.07,E03.07: Merged IM C3-11 treatment bullet with IM C3-23 (both: drug options for acute/erosive gastritis; audit B M2).
IM,Before Mid-Module Internal Medicine Extras (GIT Internal Med),C3-24,,duplicate/exclude,3,"PUD definition, erosion vs ulcer, sites, epidemiology, ZES",42-44,GIT Internal Med p. 33,excluded by original handout,,Covered.
IM,Before Mid-Module Internal Medicine Extras (GIT Internal Med),C3-25,,duplicate/exclude,3,PUD clinical features and investigation,43-44,GIT Internal Med p. 34,excluded by original handout,,Covered.
IM,Before Mid-Module Internal Medicine Extras (GIT Internal Med),C3-26,,duplicate/exclude,3,"NSAID mechanism, COX-1/COX-2, COX-2 inhibitors, figure",36-37,GIT Internal Med p. 35,excluded by original handout,,"Covered, including the figure."
IM,Before Mid-Module Internal Medicine Extras (GIT Internal Med),C3-27,C3-21/27,include,3,How often NSAID users get GI problems,36,GIT Internal Med p. 35,retained,E03.06,E03.06: Trimmed the sentence on NSAID burden in the elderly: already on book p. 36 (audit B §5.1).
IM,Before Mid-Module Internal Medicine Extras (GIT Internal Med),C3-28,,duplicate/exclude,3,Treatment and prophylaxis of NSAID ulcers,37,GIT Internal Med p. 36,excluded by original handout,,Covered.
IM,Before Mid-Module Internal Medicine Extras (GIT Internal Med),C3-29,,duplicate/exclude,3,Forrest classification endoscopic images,50-52,GIT Internal Med p. 35,excluded by original handout,,Image labels only with no explanatory text on this page; any Forrest content belongs to the GI-bleeding comparison.
IM,Before Mid-Module Internal Medicine Extras (GIT Internal Med),GB-02,,duplicate/exclude,3,Dark blood and clots without shock = lower GI source,"4, 50",GIT Internal Med p. 37,excluded by original handout,,Upper-GI half is covered; the converse bedside rule (dark blood/clots without shock) is incremental.
IM,Before Mid-Module Internal Medicine Extras (GIT Internal Med),GB-03,GB-03,include,3,Low-dose aspirin; corticosteroids; anticoagulants,"36, 50",GIT Internal Med p. 37,retained,E03.09,
IM,Before Mid-Module Internal Medicine Extras (GIT Internal Med),GB-04,GB-04/31,include,3,Who to admit; spontaneous cessation,50,GIT Internal Med p. 37-38,retained,E03.10,
IM,Before Mid-Module Internal Medicine Extras (GIT Internal Med),GB-05,GB-05/06,include,3,ABCDE details,50,GIT Internal Med p. 38,retained,E03.11,
IM,Before Mid-Module Internal Medicine Extras (GIT Internal Med),GB-06,GB-05/06,include,3,Focused history in unstable bleed,"36, 50",GIT Internal Med p. 38,retained,E03.11,
IM,Before Mid-Module Internal Medicine Extras (GIT Internal Med),GB-07,GB-07/08/09/11,include,3,"Monitoring, bloods, IV access, fluids",50-51,GIT Internal Med p. 39,retained,E03.12,"E03.12: Hb < 10 'mg/dl' transfusion threshold moved to review point R05 (conflicts with book pp. 51, 315). Sentence 'Hb falls late…' trimmed (book p. 51 has it). NG-tube bullet kept as GIT Internal Med's practice for non-variceal bleeding with cross-reference to R33. Antiplatelet bullet moved to E03.16."
IM,Before Mid-Module Internal Medicine Extras (GIT Internal Med),GB-08,GB-07/08/09/11,include,3,Guides to transfusion adequacy; CVP; indications; overload,50-51,GIT Internal Med p. 39,retained + review point,"E03.12, R05","E03.12: Hb < 10 'mg/dl' transfusion threshold moved to review point R05 (conflicts with book pp. 51, 315). Sentence 'Hb falls late…' trimmed (book p. 51 has it). NG-tube bullet kept as GIT Internal Med's practice for non-variceal bleeding with cross-reference to R33. Antiplatelet bullet moved to E03.16.; R05: New review point raised in integration: GIT Internal Med's Hb < 10 threshold vs book pp. 50–51 (and p. 315)."
IM,Before Mid-Module Internal Medicine Extras (GIT Internal Med),GB-09,GB-07/08/09/11,include,3,Oxygen; nasogastric tube; NPO,50,GIT Internal Med p. 39,retained + review point,"E03.12, R33","E03.12: Hb < 10 'mg/dl' transfusion threshold moved to review point R05 (conflicts with book pp. 51, 315). Sentence 'Hb falls late…' trimmed (book p. 51 has it). NG-tube bullet kept as GIT Internal Med's practice for non-variceal bleeding with cross-reference to R33. Antiplatelet bullet moved to E03.16.; R33: Extended with GIT Internal Med's nasogastric uses (pp. 40, 46) as context; kept in Chapter 3 with cross-references."
IM,Before Mid-Module Internal Medicine Extras (GIT Internal Med),GB-10,,duplicate/exclude,3,"Urgent endoscopy, re-endoscopy, IR, surgery; multidisciplinary",50-51,GIT Internal Med p. 39-40,excluded by original handout,,Fully covered.
IM,Before Mid-Module Internal Medicine Extras (GIT Internal Med),GB-11,GB-07/08/09/11,include,3,Drugs to stop; care setting,50,GIT Internal Med p. 40,retained,"E03.12, E03.16","E03.12: Hb < 10 'mg/dl' transfusion threshold moved to review point R05 (conflicts with book pp. 51, 315). Sentence 'Hb falls late…' trimmed (book p. 51 has it). NG-tube bullet kept as GIT Internal Med's practice for non-variceal bleeding with cross-reference to R33. Antiplatelet bullet moved to E03.16.; E03.16: New merged entry: IM GB-11 antiplatelet bullet + IM GB-22 PCI bullet (audit B M3); 'stopping antiplatelets carries a high risk' trimmed because book p. 50 already states the thrombosis risk."
IM,Before Mid-Module Internal Medicine Extras (GIT Internal Med),GB-12,GB-12,include,3,Endoscopy yield; stigmata of recent bleeding,51,GIT Internal Med p. 40,retained,E03.13,
IM,Before Mid-Module Internal Medicine Extras (GIT Internal Med),GB-13,GB-13/14/15/16,include,3,Number and choice of haemostatic methods,51,GIT Internal Med p. 40,retained,E03.14,
IM,Before Mid-Module Internal Medicine Extras (GIT Internal Med),GB-14,GB-13/14/15/16,include,3,Injection therapy technique,51,GIT Internal Med p. 41,retained,E03.14,
IM,Before Mid-Module Internal Medicine Extras (GIT Internal Med),GB-15,GB-13/14/15/16,include,3,Thermal therapy settings,51,GIT Internal Med p. 41,retained,E03.14,
IM,Before Mid-Module Internal Medicine Extras (GIT Internal Med),GB-16,GB-13/14/15/16,include,3,Mechanical clips,51,GIT Internal Med p. 42,retained,E03.14,
IM,Before Mid-Module Internal Medicine Extras (GIT Internal Med),GB-17,,duplicate/exclude,3,IV omeprazole; uncontrolled bleeding pathway,51,GIT Internal Med p. 42,excluded by original handout,,Fully covered.
IM,Before Mid-Module Internal Medicine Extras (GIT Internal Med),GB-18,,out of scope,3,"Oesophageal varices: epidemiology, primary prophylaxis, acute management, rebleeding, secondary prevention",51,GIT Internal Med p. 42-44,excluded by original handout,,Portal hypertension/varices belong to MAIN's later Portal Hypertension chapter; the brief banding mention in IM p40 is already duplicated on MAIN p51. Its variceal-bleeding text (GIT Internal Med p. 43) is cited in review points R32 and R34.
IM,Before Mid-Module Internal Medicine Extras (GIT Internal Med),GB-19,GB-19/20/21/22,include,3,Mallory-Weiss tear,51-52,GIT Internal Med p. 45,retained,E03.15,E03.15: IM GB-22's PCI bullet moved to E03.16.
IM,Before Mid-Module Internal Medicine Extras (GIT Internal Med),GB-20,GB-19/20/21/22,include,3,Post-bleed ulcer care,52,GIT Internal Med p. 45,retained,E03.15,E03.15: IM GB-22's PCI bullet moved to E03.16.
IM,Before Mid-Module Internal Medicine Extras (GIT Internal Med),GB-21,GB-19/20/21/22,include,3,Bleeding gastric carcinoma,50,GIT Internal Med p. 45,retained,E03.15,E03.15: IM GB-22's PCI bullet moved to E03.16.
IM,Before Mid-Module Internal Medicine Extras (GIT Internal Med),GB-22,GB-19/20/21/22,include,3,Bleeding after PCI,50,GIT Internal Med p. 45,retained,E03.16,E03.16: New merged entry: IM GB-11 antiplatelet bullet + IM GB-22 PCI bullet (audit B M3); 'stopping antiplatelets carries a high risk' trimmed because book p. 50 already states the thrombosis risk.
IM,Before Mid-Module Internal Medicine Extras (GIT Internal Med),GB-23,,duplicate/exclude,3,Dieulafoy lesion,52,GIT Internal Med p. 45,excluded by original handout,,Covered; 'developmental' label is trivial.
IM,Before Mid-Module Internal Medicine Extras (GIT Internal Med),GB-24,,duplicate/exclude,3,Causes and ABCDE start; stable-patient workup,52,GIT Internal Med p. 46,excluded by original handout,,Fully covered including the figure.
IM,Before Mid-Module Internal Medicine Extras (GIT Internal Med),GB-25,GB-25/26/27,include,3,Nasogastric lavage to exclude upper source; unstable pathway,52,GIT Internal Med p. 46,retained + review point,"E03.17, R33","E03.17: IM GB-25 nasogastric lavage attributed to GIT Internal Med with cross-reference to R33.; R33: Extended with GIT Internal Med's nasogastric uses (pp. 40, 46) as context; kept in Chapter 3 with cross-references."
IM,Before Mid-Module Internal Medicine Extras (GIT Internal Med),GB-26,GB-25/26/27,include,3,CT abdomen/pelvis in stable patient,52,GIT Internal Med p. 46,retained,E03.17,E03.17: IM GB-25 nasogastric lavage attributed to GIT Internal Med with cross-reference to R33.
IM,Before Mid-Module Internal Medicine Extras (GIT Internal Med),GB-27,GB-25/26/27,include,3,Investigation choice; angiography yield; young patients; surgery rarely,52-53,GIT Internal Med p. 47,retained,E03.17,E03.17: IM GB-25 nasogastric lavage attributed to GIT Internal Med with cross-reference to R33.
IM,Before Mid-Module Internal Medicine Extras (GIT Internal Med),GB-28,GB-28/29,include,3,Chronic GI bleeding: who and what to exclude; occult blood; varices; hookworm,53,GIT Internal Med p. 48,retained,E03.18,
IM,Before Mid-Module Internal Medicine Extras (GIT Internal Med),GB-29,GB-28/29,include,3,Investigation details,53,GIT Internal Med p. 48,retained,E03.18,
IM,Before Mid-Module Internal Medicine Extras (GIT Internal Med),GB-30,,duplicate/exclude,3,Treatment of chronic bleeding,53,GIT Internal Med p. 48,excluded by original handout,,Covered.
IM,Before Mid-Module Internal Medicine Extras (GIT Internal Med),GB-31,GB-04/31,include,3,Prognosis,50-53,GIT Internal Med p. 48,retained,E03.10,
IM,Before Mid-Module Internal Medicine Extras (GIT Internal Med),C4-00,,no substantive additions,4,chapter-level check,,GIT Internal Med p. whole IM PDF (pp.1-82) keyword-searched,chapter note (original),,Chapter-level 'no additions' row of the original handout; the integrated chapter entry is rewritten for the merged book.
IM,Before Mid-Module Internal Medicine Extras (GIT Internal Med),C5-01,,duplicate/exclude,5,Intestinal fluid load and absorption; fecal electrolytes; Na+/Cl- roles,77-78,GIT Internal Med p. 49,excluded by original handout,,Verbatim duplicate.
IM,Before Mid-Module Internal Medicine Extras (GIT Internal Med),C5-02,C5-02/03,include,5,Why water moves: coupling to active solute transport,77-78,GIT Internal Med p. 49,retained,E05.01,
IM,Before Mid-Module Internal Medicine Extras (GIT Internal Med),C5-03,C5-02/03,include,5,Sources of the ~9 L daily intestinal fluid load,77,GIT Internal Med p. 49,retained,E05.01,
IM,Before Mid-Module Internal Medicine Extras (GIT Internal Med),C5-04,C5-04,include,5,Digestive enzymes by source; brush-border end products,78,GIT Internal Med p. 50,retained,E05.02,
IM,Before Mid-Module Internal Medicine Extras (GIT Internal Med),C5-05,,duplicate/exclude,5,Gastric juice components; fat handling; overall digestive/absorptive process,"35, 78",GIT Internal Med p. 50,excluded by original handout,,Covered by MAIN text and Figure 5.1; IM protein-figure percentages not legible enough to cite.
IM,Before Mid-Module Internal Medicine Extras (GIT Internal Med),C5-06,,duplicate/exclude,5,Bile acid synthesis/functions; defects affecting bile acids table,78,GIT Internal Med p. 51,excluded by original handout,,Verbatim duplicate.
IM,Before Mid-Module Internal Medicine Extras (GIT Internal Med),C5-07,,duplicate/exclude,5,"Definition, normal frequency, consistency; 'diarrhea is a symptom'",77,GIT Internal Med p. 51,excluded by original handout,,Duplicate; 'symptom not a disease' is generic filler.
IM,Before Mid-Module Internal Medicine Extras (GIT Internal Med),C5-08,C5-08,discrepancy/needs review,5,Duration cut-off for acute diarrhea,77,GIT Internal Med p. 51,review point,R07,
IM,Before Mid-Module Internal Medicine Extras (GIT Internal Med),C5-09,C5-09/12,include,5,Mechanism of osmotic diarrhea,79,GIT Internal Med p. 52,retained,E05.04,
IM,Before Mid-Module Internal Medicine Extras (GIT Internal Med),C5-10,,duplicate/exclude,5,Causes of osmotic diarrhea; pathophysiologic and clinical classification charts,79,GIT Internal Med p. 52,excluded by original handout,,Duplicate.
IM,Before Mid-Module Internal Medicine Extras (GIT Internal Med),C5-11,,duplicate/exclude,5,"Secretory diarrhea definition, features and causes",80,GIT Internal Med p. 53,excluded by original handout,,Duplicate except laxative examples (next row).
IM,Before Mid-Module Internal Medicine Extras (GIT Internal Med),C5-12,C5-09/12,include,5,Examples of secretory laxatives,80,GIT Internal Med p. 53,retained,E05.04,
IM,Before Mid-Module Internal Medicine Extras (GIT Internal Med),C5-13,,duplicate/exclude,5,"Exudative mechanism, causes; altered motility",80-81,GIT Internal Med p. 54,excluded by original handout,,Duplicate.
IM,Before Mid-Module Internal Medicine Extras (GIT Internal Med),C5-14,,duplicate/exclude,5,"Acute diarrhea causes, transmission, food poisoning, mechanism table",81-82,GIT Internal Med p. 55-56,excluded by original handout,,Duplicate.
IM,Before Mid-Module Internal Medicine Extras (GIT Internal Med),C5-15,C5-15,include,5,Epidemiology of acute infectious diarrhea: vehicle and classic pathogens,81-82 (also checked ch7 106-114),GIT Internal Med p. 55,retained,E05.06,E05.06: Pointer to Chapter 7 (Salmonella/Campylobacter laboratory points) added.
IM,Before Mid-Module Internal Medicine Extras (GIT Internal Med),C5-16,,duplicate/exclude,5,"ORS, opiates, antimicrobials",82,GIT Internal Med p. 56,excluded by original handout,,Duplicate.
IM,Before Mid-Module Internal Medicine Extras (GIT Internal Med),C5-17,C5-17,include,5,Why ORS works in secretory diarrhea (figure),82,GIT Internal Med p. 56,retained,E05.05,
IM,Before Mid-Module Internal Medicine Extras (GIT Internal Med),C5-18,,duplicate/exclude,5,Refractory diarrhea causes and protracted infectious organisms,83,GIT Internal Med p. 57,excluded by original handout,,Duplicate.
IM,Before Mid-Module Internal Medicine Extras (GIT Internal Med),C5-19,C5-19,include,5,Clostridium difficile (pseudomembranous) colitis,"83 (also checked ch7 106-114, IBD 121)",GIT Internal Med p. 57-58,retained,E05.07,E05.07: Relapse sentence ('five or more relapses') removed: already on book p. 83 (audit B §5.1).
IM,Before Mid-Module Internal Medicine Extras (GIT Internal Med),C5-20,,duplicate/exclude,5,"Post-infectious IBS: 25% figure, Brainerd's diarrhea",83-84 (IBS ch 101),GIT Internal Med p. 58,excluded by original handout,,Duplicate.
IM,Before Mid-Module Internal Medicine Extras (GIT Internal Med),C5-21,C5-21,include,5,Post-infectious IBS: mechanisms and celiac screening,84 (IBS ch 101),GIT Internal Med p. 58,retained,E05.09,
IM,Before Mid-Module Internal Medicine Extras (GIT Internal Med),C5-22,,duplicate/exclude,5,Chronic diarrhea causes,83,GIT Internal Med p. 59,excluded by original handout,,Duplicate.
IM,Before Mid-Module Internal Medicine Extras (GIT Internal Med),C5-23,C5-23,include,5,Chronic diarrhea causes by patient group (table),83,GIT Internal Med p. 59,retained,E05.08,
IM,Before Mid-Module Internal Medicine Extras (GIT Internal Med),C5-24,C5-24,include,5,Maldigestion vs malabsorption; changing clinical picture,84,GIT Internal Med p. 60,retained,E05.10,
IM,Before Mid-Module Internal Medicine Extras (GIT Internal Med),C5-25,,duplicate/exclude,5,Fat hardest to absorb; three phases; steatorrhea >6%; mechanism table; clinical consequences table,84-86,GIT Internal Med p. 60-62,excluded by original handout,,Duplicate.
IM,Before Mid-Module Internal Medicine Extras (GIT Internal Med),C5-26,C5-26,include,5,Site of nutrient absorption along the gut (figure),86,GIT Internal Med p. 62,retained,E05.03,
IM,Before Mid-Module Internal Medicine Extras (GIT Internal Med),C5-27,,duplicate/exclude,5,Lactase deficiency,86-87,GIT Internal Med p. 63,excluded by original handout,,Duplicate.
IM,Before Mid-Module Internal Medicine Extras (GIT Internal Med),C5-28,,duplicate/exclude,5,"Bacterial overgrowth mechanism, B12/folate pattern and causes",88-89,GIT Internal Med p. 64,excluded by original handout,,Duplicate.
IM,Before Mid-Module Internal Medicine Extras (GIT Internal Med),C5-29,,duplicate/exclude,5,"Celiac definition, pathology, serology, presentation, extraintestinal list, diarrhea mechanisms, NCGS",89-91,GIT Internal Med p. 65-66,excluded by original handout,,Duplicate.
IM,Before Mid-Module Internal Medicine Extras (GIT Internal Med),C5-30,C5-30,include,5,Celiac manifestations with their probable causes (table),89-91,GIT Internal Med p. 66,retained,E05.11,
IM,Before Mid-Module Internal Medicine Extras (GIT Internal Med),C5-31,C5-31,include,5,Conditions associated with celiac disease; increased morbidity after diagnosis,90,GIT Internal Med p. 66,retained,E05.12,
IM,Before Mid-Module Internal Medicine Extras (GIT Internal Med),C5-32,,duplicate/exclude,5,Tropical sprue and Whipple disease,92,GIT Internal Med p. 67,excluded by original handout,,Duplicate.
IM,Before Mid-Module Internal Medicine Extras (GIT Internal Med),C5-33,,duplicate/exclude,5,Tests reproduced in MAIN,93,GIT Internal Med p. 68-69,excluded by original handout,,Duplicate.
IM,Before Mid-Module Internal Medicine Extras (GIT Internal Med),C5-34,C5-34/36,include,5,D-xylose test,93-94,"GIT Internal Med p. 68, 70",retained,E05.13,
IM,Before Mid-Module Internal Medicine Extras (GIT Internal Med),C5-35,C5-35,include,5,Gold standard and additional tests for bacterial overgrowth,93,"GIT Internal Med p. 68, 70",retained,E05.14,
IM,Before Mid-Module Internal Medicine Extras (GIT Internal Med),C5-36,C5-34/36,include,5,"Interpretation details of stool fat, acid steatocrit, lactose H2 breath test, pancreatic tests",93,GIT Internal Med p. 69-70,retained,E05.13,
IM,Before Mid-Module Internal Medicine Extras (GIT Internal Med),C5-37,C5-37,include,5,"Small-bowel biopsy details, permeability studies, SeHCAT interpretation, Schilling test",93,GIT Internal Med p. 69,retained,E05.15,
IM,Before Mid-Module Internal Medicine Extras (GIT Internal Med),C5-38,C5-38,discrepancy/needs review,5,"Test protocol numbers: fat intake, collection days, lactose dose",93,GIT Internal Med p. 68-70,review point,R08,
IM,Before Mid-Module Internal Medicine Extras (GIT Internal Med),C5-39,,duplicate/exclude,5,Algorithm to chronic diarrhea and malabsorption,94,GIT Internal Med p. 70,excluded by original handout,,Duplicate (D-xylose explained in its own row).
IM,Before Mid-Module Internal Medicine Extras (GIT Internal Med),C6-01,,duplicate/exclude,6,Definition and primary vs secondary classification,96; 3,GIT Internal Med p. 71,excluded by original handout,,"Fully covered in MAIN, incl. structural causes under secondary."
IM,Before Mid-Module Internal Medicine Extras (GIT Internal Med),C6-02,,duplicate/exclude,6,"History: <3 stools/week, straining, hard stools, incomplete evacuation, bloating, manual maneuvers",97; 3,GIT Internal Med p. 71,excluded by original handout,,"Covered across MAIN p3, p97, p98 and Figure 6.1."
IM,Before Mid-Module Internal Medicine Extras (GIT Internal Med),C6-03,C6-03/04,include,6,Acute-onset constipation: ask about passing gas; obstipation,97,GIT Internal Med p. 71,retained,E06.01,
IM,Before Mid-Module Internal Medicine Extras (GIT Internal Med),C6-04,C6-03/04,include,6,DRE signs of pelvic floor dyssynergia,98; 96,GIT Internal Med p. 71,retained,E06.01,
IM,Before Mid-Module Internal Medicine Extras (GIT Internal Med),C6-05,,duplicate/exclude,6,Red flags and colonoscopy,97,GIT Internal Med p. 71-72,excluded by original handout,,Verbatim duplicate.
IM,Before Mid-Module Internal Medicine Extras (GIT Internal Med),C6-06,,duplicate/exclude,6,Secondary causes and empiric therapy,98,GIT Internal Med p. 72,excluded by original handout,,Verbatim duplicate.
IM,Before Mid-Module Internal Medicine Extras (GIT Internal Med),C6-07,,duplicate/exclude,6,Laxative classes figure,99,GIT Internal Med p. 72 (figure),excluded by original handout,,Classes covered in more detail in MAIN; 'some can be given rectally' is a low-value generic remark.
IM,Before Mid-Module Internal Medicine Extras (GIT Internal Med),C6-08,C6-08,include,6,Anorectal manometry: what it measures; MRI defecography,98; 100 (Fig 6.1),GIT Internal Med p. 72 (text + figures),retained,E06.02,
IM,Before Mid-Module Internal Medicine Extras (GIT Internal Med),C6-09,,duplicate/exclude,6,Colonic transit study; slow vs normal transit; IBS as normal-transit type,98,GIT Internal Med p. 73,excluded by original handout,,Text duplicate; the 'Sitzmarker' brand label is trivia.
IM,Before Mid-Module Internal Medicine Extras (GIT Internal Med),C6-10,C6-10/11/13/15,include,6,Functional GI disorders family; functional chest pain,101,GIT Internal Med p. 73,retained,E06.03,
IM,Before Mid-Module Internal Medicine Extras (GIT Internal Med),C6-11,C6-10/11/13/15,include,6,IBS causes: autonomic dysfunction,103,GIT Internal Med p. 74,retained,E06.03,
IM,Before Mid-Module Internal Medicine Extras (GIT Internal Med),C6-12,,duplicate/exclude,6,IBS subtypes,103,GIT Internal Med p. 74 (text + figure),excluded by original handout,,Duplicate.
IM,Before Mid-Module Internal Medicine Extras (GIT Internal Med),C6-13,C6-10/11/13/15,include,6,"IBS history and exam: fibromyalgia, distension",103-104; 102,GIT Internal Med p. 74,retained,E06.03,
IM,Before Mid-Module Internal Medicine Extras (GIT Internal Med),C6-14,,duplicate/exclude,6,Red flags before diagnosing IBS,102-103; 97,GIT Internal Med p. 74-75,excluded by original handout,,All items taught in MAIN (IBS list or constipation red flags p97); MAIN's IBS list is broader.
IM,Before Mid-Module Internal Medicine Extras (GIT Internal Med),C6-15,C6-10/11/13/15,include,6,"IBS baseline labs: CBC, ESR/CRP, TSH",104,GIT Internal Med p. 75,retained,E06.03,
IM,Before Mid-Module Internal Medicine Extras (GIT Internal Med),C6-16,C6-16,discrepancy/needs review,6,Rome IV (IM) vs Rome V (MAIN) frequency threshold,102,GIT Internal Med p. 75,review point,R09,
IM,Before Mid-Module Internal Medicine Extras (GIT Internal Med),C6-17,C6-17,discrepancy/needs review,6,Low FODMAP diet: example foods,104,GIT Internal Med p. 75,review point,R10,
IM,Before Mid-Module Internal Medicine Extras (GIT Internal Med),C6-18,C6-18,include,6,"Peppermint oil, TCAs, psychotherapy; probiotics",104-105,GIT Internal Med p. 75,retained,E06.04,
IM,Before Mid-Module Internal Medicine Extras (GIT Internal Med),C6-19,,duplicate/exclude,6,Rifaximin for IBS-D,105,GIT Internal Med p. 75,excluded by original handout,,Duplicate.
IM,Before Mid-Module Internal Medicine Extras (GIT Internal Med),C6-20,C6-20,discrepancy/needs review,6,IBS-C second drug option: linaclotide (IM) vs prucalopride (MAIN),105; 99,GIT Internal Med p. 75,review point,R11,
IM,Before Mid-Module Internal Medicine Extras (GIT Internal Med),C7-00,,no substantive additions,7,chapter-level check,,GIT Internal Med p. whole IM PDF (pp.1-82) keyword-searched,chapter note (original),,Chapter-level 'no additions' row of the original handout; the integrated chapter entry is rewritten for the merged book.
IM,Before Mid-Module Internal Medicine Extras (GIT Internal Med),C8-01,,duplicate/exclude,8,Definition and epidemiology of IBD,116,GIT Internal Med p. 76,excluded by original handout,,Identical text in MAIN.
IM,Before Mid-Module Internal Medicine Extras (GIT Internal Med),C8-02,C8-02/08,include,8,IM pathology/radiology/endoscopy comparison table: UC rectal involvement and collar-button ulcers,117,GIT Internal Med p. 76,retained + review point,"E08.01, R13",E08.01: 'Rectum always involved in UC' (IM p. 76 table) moved to review point R13: book Fig 8.1 says 'typically involved'.; R13: Extended with the rectum row of the same GIT Internal Med p. 76 table (moved out of E08.01).
IM,Before Mid-Module Internal Medicine Extras (GIT Internal Med),C8-03,C8-03,discrepancy/needs review,8,Granulomas in UC,117,GIT Internal Med p. 76,review point,R13,R13: Extended with the rectum row of the same GIT Internal Med p. 76 table (moved out of E08.01).
IM,Before Mid-Module Internal Medicine Extras (GIT Internal Med),C8-04,,duplicate/exclude,8,Diagram: distribution of CD vs UC,117,GIT Internal Med p. 76,excluded by original handout,,Same content as MAIN table.
IM,Before Mid-Module Internal Medicine Extras (GIT Internal Med),C8-05,,duplicate/exclude,8,Clinical features UC and CD; CD vs UC colitis table,116-117,GIT Internal Med p. 77,excluded by original handout,,Identical.
IM,Before Mid-Module Internal Medicine Extras (GIT Internal Med),C8-06,,duplicate/exclude,8,Extra-intestinal manifestations table,118,GIT Internal Med p. 78,excluded by original handout,,Identical.
IM,Before Mid-Module Internal Medicine Extras (GIT Internal Med),C8-07,,duplicate/exclude,8,"Laboratory studies, serology, fecal calprotectin",118,GIT Internal Med p. 78,excluded by original handout,,Identical.
IM,Before Mid-Module Internal Medicine Extras (GIT Internal Med),C8-08,C8-02/08,include,8,Colonoscopic appearance of UC and CD,118,GIT Internal Med p. 78,retained,E08.01,E08.01: 'Rectum always involved in UC' (IM p. 76 table) moved to review point R13: book Fig 8.1 says 'typically involved'.
IM,Before Mid-Module Internal Medicine Extras (GIT Internal Med),C8-09,,duplicate/exclude,8,Barium studies,118,GIT Internal Med p. 78,excluded by original handout,,No content in either.
IM,Before Mid-Module Internal Medicine Extras (GIT Internal Med),C8-10,,duplicate/exclude,8,"Differential diagnosis table (UC, Crohn's colitis, ischemic, microscopic, infectious, amebic, gonococcal, pseudomembranous)",119,GIT Internal Med p. 79,excluded by original handout,,Identical.
IM,Before Mid-Module Internal Medicine Extras (GIT Internal Med),C8-11,C8-11,include,8,Differential diagnosis list: conditions not in MAIN table,119,GIT Internal Med p. 79,retained,E08.02,
IM,Before Mid-Module Internal Medicine Extras (GIT Internal Med),C8-12,,duplicate/exclude,8,Diet and nutrition,119,GIT Internal Med p. 79,excluded by original handout,,Identical.
IM,Before Mid-Module Internal Medicine Extras (GIT Internal Med),C8-13,C8-13/23,include,8,Drug classes list incl. 5-ASA and probiotics,119-120,GIT Internal Med p. 80,retained,E08.03,
IM,Before Mid-Module Internal Medicine Extras (GIT Internal Med),C8-14,C8-14/15,include,8,5-ASA drugs: doses and release sites,119-120,GIT Internal Med p. 80,retained,E08.04,E08.04: Note that the steroid rows of the same table are kept for review (R14).
IM,Before Mid-Module Internal Medicine Extras (GIT Internal Med),C8-15,C8-14/15,include,8,Budesonide,119-120,GIT Internal Med p. 80,retained,E08.04,E08.04: Note that the steroid rows of the same table are kept for review (R14).
IM,Before Mid-Module Internal Medicine Extras (GIT Internal Med),C8-16,,duplicate/exclude,8,"Corticosteroid text (indication, IV hydrocortisone/methylprednisolone, oral prednisone)",119-120,GIT Internal Med p. 80,excluded by original handout,,Identical.
IM,Before Mid-Module Internal Medicine Extras (GIT Internal Med),C8-17,C8-17,discrepancy/needs review,8,Systemic steroid doses in IM drug table,119-120,GIT Internal Med p. 80,review point,R14,
IM,Before Mid-Module Internal Medicine Extras (GIT Internal Med),C8-18,,duplicate/exclude,8,Antibiotics,120,GIT Internal Med p. 80,excluded by original handout,,Identical.
IM,Before Mid-Module Internal Medicine Extras (GIT Internal Med),C8-19,,duplicate/exclude,8,Immunomodulator mechanism and agents,120,GIT Internal Med p. 80,excluded by original handout,,Identical.
IM,Before Mid-Module Internal Medicine Extras (GIT Internal Med),C8-20,C8-20/21,include,8,Immunomodulator doses and 6-mercaptopurine,120,GIT Internal Med p. 80,retained,E08.05,
IM,Before Mid-Module Internal Medicine Extras (GIT Internal Med),C8-21,C8-20/21,include,8,Other biologics and biologic doses,120,GIT Internal Med p. 80-81,retained,E08.05,
IM,Before Mid-Module Internal Medicine Extras (GIT Internal Med),C8-22,,duplicate/exclude,8,"Anti-TNF, anti-adhesion, JAK inhibitors text",120,GIT Internal Med p. 81,excluded by original handout,,Identical.
IM,Before Mid-Module Internal Medicine Extras (GIT Internal Med),C8-23,C8-13/23,include,8,Step-up treatment pyramid by severity,119-120,GIT Internal Med p. 81,retained,E08.03,
IM,Before Mid-Module Internal Medicine Extras (GIT Internal Med),C8-24,,duplicate/exclude,8,Surgical indications UC and CD,121,GIT Internal Med p. 81,excluded by original handout,,Identical.
IM,Before Mid-Module Internal Medicine Extras (GIT Internal Med),C8-25,C8-25,include,8,Complications grouped by disease,121,GIT Internal Med p. 82,retained,E08.06,
IM,Before Mid-Module Internal Medicine Extras (GIT Internal Med),C8-26,,duplicate/exclude,8,Toxic megacolon,121,GIT Internal Med p. 82,excluded by original handout,,Identical.
IM,Before Mid-Module Internal Medicine Extras (GIT Internal Med),C8-27,,duplicate/exclude,8,Colon cancer risk and surveillance in UC,121,GIT Internal Med p. 82,excluded by original handout,,Identical.
IM,Before Mid-Module Internal Medicine Extras (GIT Internal Med),C9-00,,no substantive additions,9,chapter-level check,,GIT Internal Med p. whole IM PDF (pp.1-82) keyword-searched,chapter note (original),,Chapter-level 'no additions' row of the original handout; the integrated chapter entry is rewritten for the merged book.
IM,Before Mid-Module Internal Medicine Extras (GIT Internal Med),C10-00,,no substantive additions,10,chapter-level check,,GIT Internal Med p. whole IM PDF (pp.1-82) keyword-searched,chapter note (original),,Chapter-level 'no additions' row of the original handout; the integrated chapter entry is rewritten for the merged book.
IM,Before Mid-Module Internal Medicine Extras (GIT Internal Med),C11-00,,no substantive additions,11,chapter-level check,,GIT Internal Med p. whole IM PDF (pp.1-82) keyword-searched,chapter note (original),,Chapter-level 'no additions' row of the original handout; the integrated chapter entry is rewritten for the merged book.
IM,Before Mid-Module Internal Medicine Extras (GIT Internal Med),C12-00,,no substantive additions,12,chapter-level check,,GIT Internal Med p. whole IM PDF (pp.1-82) keyword-searched,chapter note (original),,Chapter-level 'no additions' row of the original handout; the integrated chapter entry is rewritten for the merged book.
IM,Before Mid-Module Internal Medicine Extras (GIT Internal Med),C13-00,,no substantive additions,13,chapter-level check,,GIT Internal Med p. whole IM PDF (pp.1-82) keyword-searched,chapter note (original),,Chapter-level 'no additions' row of the original handout; the integrated chapter entry is rewritten for the merged book.
IM,Before Mid-Module Internal Medicine Extras (GIT Internal Med),C14-00,,no substantive additions,14,chapter-level check,,GIT Internal Med p. whole IM PDF (pp.1-82) keyword-searched,chapter note (original),,Chapter-level 'no additions' row of the original handout; the integrated chapter entry is rewritten for the merged book.
IM,Before Mid-Module Internal Medicine Extras (GIT Internal Med),C15-00,,no substantive additions,15,chapter-level check,,GIT Internal Med p. whole IM PDF (pp.1-82) keyword-searched,chapter note (original),,Chapter-level 'no additions' row of the original handout; the integrated chapter entry is rewritten for the merged book.
OS,Other Subjects Capsule (GIT Others),PH-01,,exclude,3,PPI members and mechanism,44,GIT Others p. 1,excluded by original handout,,duplicate: reproduced verbatim in book
OS,Other Subjects Capsule (GIT Others),PH-02,,exclude,3,PPI activation / anti-H. pylori effect,45,GIT Others p. 1,excluded by original handout,,duplicate: reproduced verbatim in book
OS,Other Subjects Capsule (GIT Others),PH-03,,exclude,3,"PPI pharmacokinetics (enteric coating, timing, 24 h duration, hepatic metabolism)",45,GIT Others p. 1,excluded by original handout,,duplicate: reproduced verbatim in book
OS,Other Subjects Capsule (GIT Others),PH-04,,exclude,3,PPI adverse effects,45,GIT Others p. 1,excluded by original handout,,duplicate: reproduced verbatim in book
OS,Other Subjects Capsule (GIT Others),PH-05,,exclude,3,P-CAB vs PPI comparison table,46,GIT Others p. 2,excluded by original handout,,duplicate: reproduced verbatim in book (source 'hrs33' is a stray footnote digit)
OS,Other Subjects Capsule (GIT Others),PH-06,,exclude,3,"H2 antagonists: members, mechanism, nocturnal vs meal-stimulated",46,GIT Others p. 2,excluded by original handout,,duplicate: reproduced verbatim in book
OS,Other Subjects Capsule (GIT Others),PH-07,,exclude,3,H2 blocker adverse effects (cimetidine),46,GIT Others p. 2,excluded by original handout,,duplicate: reproduced verbatim in book
OS,Other Subjects Capsule (GIT Others),PH-08,,exclude,3,Individual H2 antagonists table + elimination,46,GIT Others p. 3,excluded by original handout,,duplicate: reproduced verbatim in book
OS,Other Subjects Capsule (GIT Others),PH-09,,exclude,3,"Advantages of PPIs/P-CABs; indications (PU, H. pylori, GERD, ZES, stress ulcer, varices, aspiration)",47,GIT Others p. 3,excluded by original handout,,duplicate: reproduced verbatim in book (varices indication also in ch23: 'PPI IV or H2 blockers')
OS,Other Subjects Capsule (GIT Others),PH-10,,exclude,3,Mucosal protectives table,48,GIT Others p. 4,excluded by original handout,,duplicate: reproduced verbatim in book
OS,Other Subjects Capsule (GIT Others),PH-11,,exclude,3,Anti-H. pylori regimens,48,GIT Others p. 5,excluded by original handout,,duplicate: reproduced verbatim in book
OS,Other Subjects Capsule (GIT Others),PH-12,,exclude,3,"Antacid actions, uses, drug interactions",48,GIT Others p. 5,excluded by original handout,,duplicate: reproduced verbatim in book
OS,Other Subjects Capsule (GIT Others),PH-13,,exclude,3,Types and choice of antacids,49,GIT Others p. 6,excluded by original handout,,duplicate: reproduced verbatim in book
OS,Other Subjects Capsule (GIT Others),PH-14,,exclude,3,NSAID ulcer precautions,50,GIT Others p. 6,excluded by original handout,,duplicate: reproduced verbatim in book
OS,Other Subjects Capsule (GIT Others),PH-15,C3-D1,discrepancy,3,Misoprostol prostaglandin class,37,GIT Others p. 4,review point,R02,
OS,Other Subjects Capsule (GIT Others),PH-16,C3-D2,discrepancy,3,Levofloxacin-based H. pylori regimen dosing,41,GIT Others p. 5,review point,R04,
OS,Other Subjects Capsule (GIT Others),PH-17,,exclude,3,MCQ,45,GIT Others p. 7,excluded by original handout,,MCQ duplicate: keyed fact already in book
OS,Other Subjects Capsule (GIT Others),PH-18,,exclude,3,MCQ,45,GIT Others p. 8,excluded by original handout,,MCQ duplicate: keyed fact already in book
OS,Other Subjects Capsule (GIT Others),PH-19,,exclude,3,MCQ,46,GIT Others p. 9,excluded by original handout,,MCQ duplicate: keyed fact already in book
OS,Other Subjects Capsule (GIT Others),PH-20,,exclude,3,MCQ,45,GIT Others p. 10,excluded by original handout,,MCQ duplicate: keyed fact already in book
OS,Other Subjects Capsule (GIT Others),PH-21,,exclude,3,MCQ,45,GIT Others p. 11,excluded by original handout,,MCQ duplicate: keyed fact already in book
OS,Other Subjects Capsule (GIT Others),PH-22,,exclude,3,MCQ,46,GIT Others p. 11,excluded by original handout,,MCQ duplicate: keyed fact already in book
OS,Other Subjects Capsule (GIT Others),PH-23,,exclude,3,MCQ,46,GIT Others p. 12,excluded by original handout,,MCQ duplicate: keyed fact already in book
OS,Other Subjects Capsule (GIT Others),PH-24,,exclude,3,MCQ,48,GIT Others p. 12,excluded by original handout,,MCQ duplicate: keyed fact already in book
OS,Other Subjects Capsule (GIT Others),PH-25,,exclude,5,MCQ: over-suppression (P-CAB + H2 blocker) → bacterial overgrowth → diarrhea,88,GIT Others p. 12,excluded by original handout,,MCQ duplicate: PPI/hypochlorhydria as cause of bacterial overgrowth already in book
OS,Other Subjects Capsule (GIT Others),PH-26,C3-1,include,3,PPI long-term adverse effect: osteoporosis,45,GIT Others p. 11,retained,E03.08,
OS,Other Subjects Capsule (GIT Others),TU-01,,exclude,4,Esophageal benign tumours,71,GIT Others p. 13,excluded by original handout,,duplicate
OS,Other Subjects Capsule (GIT Others),TU-02,,exclude,4,Esophageal malignant tumour classification,71,GIT Others p. 13,excluded by original handout,,low value; book already states sarcomas rare
OS,Other Subjects Capsule (GIT Others),TU-03,,exclude,4,Esophageal carcinoma presentation/prognosis/diagnosis,71,GIT Others p. 13,excluded by original handout,,duplicate (diagnosis by endoscopic biopsy/imaging also in Ch2 p.28-29)
OS,Other Subjects Capsule (GIT Others),TU-04,,exclude,4,"SCC vs adenocarcinoma epidemiology, risk factors",71,GIT Others p. 13,excluded by original handout,,duplicate
OS,Other Subjects Capsule (GIT Others),TU-05,,exclude,4,Esophageal carcinoma gross,71,GIT Others p. 13,excluded by original handout,,duplicate
OS,Other Subjects Capsule (GIT Others),TU-06,C4-1,include,4,Esophageal SCC microscopy,71,GIT Others p. 14,retained,E04.01,
OS,Other Subjects Capsule (GIT Others),TU-07,C4-2,include,4,Esophageal carcinoma complications,71,GIT Others p. 14,retained,E04.02,
OS,Other Subjects Capsule (GIT Others),TU-08,,exclude,2,Esophageal carcinoma spread,27,GIT Others p. 14,excluded by original handout,,duplicate
OS,Other Subjects Capsule (GIT Others),TU-09,,exclude,4,Gastric polyps,72,GIT Others p. 14,excluded by original handout,,duplicate
OS,Other Subjects Capsule (GIT Others),TU-10,,exclude,4,Gastric adenocarcinoma epidemiology,72,GIT Others p. 15,excluded by original handout,,duplicate
OS,Other Subjects Capsule (GIT Others),TU-11,,exclude,3,Gastric cancer diet/socio-economic,62,GIT Others p. 15,excluded by original handout,,duplicate in substance; residual items low value
OS,Other Subjects Capsule (GIT Others),TU-12,C4-3,include,4,H. pylori carcinogenic sequence / precancerous lesions,72,GIT Others p. 15,retained,E04.03,"E04.03: OS C4-3 kept separate from IM C3-14 (E03.04): partial overlap, distinct facts; both carry a cross-reference."
OS,Other Subjects Capsule (GIT Others),TU-13,C3-D3,discrepancy,3,Gastric cancer site,62,GIT Others p. 15,review point,R06,
OS,Other Subjects Capsule (GIT Others),TU-14,,exclude,4,"Gastric cancer gross (early/late, exophytic, linitis)",72,GIT Others p. 16,excluded by original handout,,duplicate
OS,Other Subjects Capsule (GIT Others),TU-15,C4-5,include,4,Malignant gastric ulcer size,72,GIT Others p. 16,retained,E04.05,
OS,Other Subjects Capsule (GIT Others),TU-16,C4-4,include,4,Lauren classification,72,GIT Others p. 16,retained,E04.04,
OS,Other Subjects Capsule (GIT Others),TU-17,,exclude,4,Intestinal vs diffuse type,72,GIT Others p. 16,excluded by original handout,,duplicate
OS,Other Subjects Capsule (GIT Others),TU-18,,exclude,3,Gastric cancer direct/lymphatic spread,62,GIT Others p. 16,excluded by original handout,,largely duplicate; residual items low value
OS,Other Subjects Capsule (GIT Others),TU-19,C4-6,include,4,Gastric cancer blood spread,73,GIT Others p. 16,retained,E04.06,
OS,Other Subjects Capsule (GIT Others),TU-20,,exclude,4,Krukenberg,73,GIT Others p. 16,excluded by original handout,,duplicate
OS,Other Subjects Capsule (GIT Others),TU-21,,exclude,4,Small intestinal tumours,73,GIT Others p. 17,excluded by original handout,,low value general statement
OS,Other Subjects Capsule (GIT Others),TU-22,,exclude,4,Large-bowel tumour classification,73,GIT Others p. 17,excluded by original handout,,duplicate
OS,Other Subjects Capsule (GIT Others),TU-23,C4-7,include,4,Colonic adenoma epidemiology,73,GIT Others p. 17,retained,E04.07,
OS,Other Subjects Capsule (GIT Others),TU-24,,exclude,4,Tubular adenoma features,73,GIT Others p. 17,excluded by original handout,,duplicate
OS,Other Subjects Capsule (GIT Others),TU-25,C4-8,include,4,Tubular vs villous: size & malignant risk,73,GIT Others p. 18,retained,E04.08,E04.08: Table row 'Number (multiple vs solitary)' removed: already on book p. 73 (audit B §5.1).
OS,Other Subjects Capsule (GIT Others),TU-26,,exclude,14,Tubulovillous adenoma,190,GIT Others p. 18,excluded by original handout,,duplicate in substance
OS,Other Subjects Capsule (GIT Others),TU-27,,exclude,4,Adenoma mutations; inherited polyposis syndromes list,73,GIT Others p. 18,excluded by original handout,,duplicate
OS,Other Subjects Capsule (GIT Others),TU-28,,exclude,4,FAP core facts,74,GIT Others p. 19,excluded by original handout,,duplicate
OS,Other Subjects Capsule (GIT Others),TU-29,C14-1,include,14,FAP polyp histology,190,GIT Others p. 19,retained,E14.01,
OS,Other Subjects Capsule (GIT Others),TU-30,C15-1,include,15,Proportion adenocarcinoma,196,GIT Others p. 19,retained,E15.01,
OS,Other Subjects Capsule (GIT Others),TU-31,C15-D1,discrepancy,15,Colorectal carcinoma age,196,GIT Others p. 19,review point,R15,
OS,Other Subjects Capsule (GIT Others),TU-32,C15-3,include,15,Colorectal cancer predisposing factors,196,GIT Others p. 19,retained,E15.03,
OS,Other Subjects Capsule (GIT Others),TU-33,,exclude,4,CRC survival/sex ratio,74,GIT Others p. 20,excluded by original handout,,duplicate
OS,Other Subjects Capsule (GIT Others),TU-34,,exclude,15,CRC site distribution,197,GIT Others p. 20,excluded by original handout,,"Central review: Figure 15.2 on book p.197 already gives the per-segment distribution (rectum 27%, sigmoid 20%, caecum 14%, ascending colon 8% ...). The GIT Others values group segments differently and teach nothing new."
OS,Other Subjects Capsule (GIT Others),TU-35,,exclude,15,CRC gross shapes,200,GIT Others p. 20,excluded by original handout,,duplicate (Ch15 right vs left colon)
OS,Other Subjects Capsule (GIT Others),TU-36,C15-2,include,15,CRC histological variants,196,GIT Others p. 20,retained,E15.02,
OS,Other Subjects Capsule (GIT Others),TU-37,,exclude,4,CRC histology,74,GIT Others p. 20,excluded by original handout,,duplicate
OS,Other Subjects Capsule (GIT Others),TU-38,,exclude,4,CRC course and diagnosis,75,GIT Others p. 21,excluded by original handout,,duplicate
OS,Other Subjects Capsule (GIT Others),TU-39,,exclude,4,Carcinoid,75,GIT Others p. 21,excluded by original handout,,otherwise duplicate; residual detail low value
OS,Other Subjects Capsule (GIT Others),TU-40,,exclude,4,GIST,75,GIT Others p. 21,excluded by original handout,,duplicate
OS,Other Subjects Capsule (GIT Others),FI-01,,exclude,7,Foodborne illness definition,107,GIT Others p. 22,excluded by original handout,,duplicate
OS,Other Subjects Capsule (GIT Others),FI-02,,exclude,7,Salmonella reservoir,107,GIT Others p. 22,excluded by original handout,,"Capsule duplicate check: already taught by the earlier Internal Medicine companion (branch claude/credits-expiring-soon-7nbhf4, entry C5-15: 'Poultry -> Salmonella', from GIT Internal Med p. 55)."
OS,Other Subjects Capsule (GIT Others),FI-03,C7-1,include,7,Salmonella culture conditions,107,GIT Others p. 22,retained,E07.01,
OS,Other Subjects Capsule (GIT Others),FI-04,,exclude,7,Salmonella selective media,107,GIT Others p. 22,excluded by original handout,,duplicate
OS,Other Subjects Capsule (GIT Others),FI-05,C7-1,include,7,Salmonella biochemistry – S. typhi,107,GIT Others p. 22,retained,E07.01,
OS,Other Subjects Capsule (GIT Others),FI-06,,exclude,7,"Salmonella antigens, toxins, resistance",107,GIT Others p. 22,excluded by original handout,,duplicate
OS,Other Subjects Capsule (GIT Others),FI-07,,exclude,7,Enteric fever definition,107,GIT Others p. 23,excluded by original handout,,duplicate
OS,Other Subjects Capsule (GIT Others),FI-08,,exclude,7,Enteric fever pathogenesis,108,GIT Others p. 23,excluded by original handout,,duplicate
OS,Other Subjects Capsule (GIT Others),FI-09,,exclude,7,Enteric fever clinical course and carriers,108,GIT Others p. 23,excluded by original handout,,duplicate
OS,Other Subjects Capsule (GIT Others),FI-10,C7-2,include,7,Enteric fever – blood culture technique,109,GIT Others p. 24,retained,E07.02,
OS,Other Subjects Capsule (GIT Others),FI-11,,exclude,7,Enteric fever – stool/urine culture timing,109,GIT Others p. 24,excluded by original handout,,duplicate
OS,Other Subjects Capsule (GIT Others),FI-12,,exclude,7,Widal test principle,109,GIT Others p. 24,excluded by original handout,,duplicate
OS,Other Subjects Capsule (GIT Others),FI-13,C7-D1,discrepancy,7,Widal interpretation – H antibodies,109,GIT Others p. 24,review point,R12,
OS,Other Subjects Capsule (GIT Others),FI-14,,exclude,7,Widal interpretation – O and Vi,109,GIT Others p. 24,excluded by original handout,,duplicate
OS,Other Subjects Capsule (GIT Others),FI-15,,exclude,7,Widal limitations; carrier treatment,109,GIT Others p. 24,excluded by original handout,,duplicate
OS,Other Subjects Capsule (GIT Others),FI-16,C7-3,include,7,Typhoid prevention – food handlers,109,GIT Others p. 25,retained,E07.03,
OS,Other Subjects Capsule (GIT Others),FI-17,,exclude,7,Typhoid vaccines,110,GIT Others p. 25,excluded by original handout,,duplicate
OS,Other Subjects Capsule (GIT Others),FI-18,C7-4,include,7,S. typhimurium food poisoning outcome,110,GIT Others p. 25,retained,E07.04,
OS,Other Subjects Capsule (GIT Others),FI-19,,exclude,7,S. enteritidis,110,GIT Others p. 25,excluded by original handout,,duplicate
OS,Other Subjects Capsule (GIT Others),FI-20,,exclude,7,"Campylobacter morphology, culture, biochemistry",110,GIT Others p. 26,excluded by original handout,,duplicate
OS,Other Subjects Capsule (GIT Others),FI-21,,exclude,7,Campylobacter pathogenesis and clinical,110,GIT Others p. 26,excluded by original handout,,duplicate
OS,Other Subjects Capsule (GIT Others),FI-22,,exclude,7,Campylobacter late complications,111,GIT Others p. 27,excluded by original handout,,duplicate
OS,Other Subjects Capsule (GIT Others),FI-23,C7-5,include,7,Campylobacter lab diagnosis details,111,GIT Others p. 27,retained,E07.05,
OS,Other Subjects Capsule (GIT Others),FI-24,,exclude,7,Campylobacter antibiotic resistance,111,GIT Others p. 27,excluded by original handout,,duplicate
OS,Other Subjects Capsule (GIT Others),FI-25,,exclude,7,"Brucella species, morphology, biochemistry",111,GIT Others p. 27,excluded by original handout,,duplicate
OS,Other Subjects Capsule (GIT Others),FI-26,C7-6,include,7,Brucella culture atmosphere,111,GIT Others p. 27,retained,E07.06,
OS,Other Subjects Capsule (GIT Others),FI-27,,exclude,7,"Brucellosis clinical, diagnosis, prevention, treatment",111,GIT Others p. 28,excluded by original handout,,duplicate
OS,Other Subjects Capsule (GIT Others),FI-28,,exclude,7,S. aureus food poisoning,112,GIT Others p. 29,excluded by original handout,,duplicate
OS,Other Subjects Capsule (GIT Others),FI-29,,exclude,7,Bacillus cereus,112,GIT Others p. 29,excluded by original handout,,duplicate
OS,Other Subjects Capsule (GIT Others),FI-30,,exclude,7,Botulism,113,GIT Others p. 30,excluded by original handout,,duplicate
OS,Other Subjects Capsule (GIT Others),FI-31,,exclude,7,Leptospirosis (incl. hepatic involvement),113,GIT Others p. 31,excluded by original handout,,"duplicate (entire block present in Ch7; Ch19 only lists it as a cause, so no reassignment)"
OS,Other Subjects Capsule (GIT Others),FI-32,,exclude,7,Yellow fever (incl. liver necrosis),114,GIT Others p. 32,excluded by original handout,,duplicate (all present in Ch7 pp.113–114; not covered in liver chapters)
OS,Other Subjects Capsule (GIT Others),FI-33,,exclude,7,"Dengue, Ebola, Marburg",114,GIT Others p. 33,excluded by original handout,,duplicate
OS,Other Subjects Capsule (GIT Others),FI-34,,exclude,7,MCQ 1 – Salmonella biochemistry,107,GIT Others p. 33,excluded by original handout,,MCQ: no keyed answer given in GIT others; lactose/urease already in book; indole not stated as fact in GIT others text
OS,Other Subjects Capsule (GIT Others),FI-35,,exclude,7,MCQ 2–3,110,GIT Others p. 33,excluded by original handout,,MCQ duplicate
OS,Other Subjects Capsule (GIT Others),FI-36,,exclude,7,"MCQ 4, 6, 8",113,GIT Others p. 34,excluded by original handout,,MCQ duplicate (facts already in book; no answer key in GIT others)
OS,Other Subjects Capsule (GIT Others),FI-37,,exclude,7,"MCQ 5, 7",113,GIT Others p. 34,excluded by original handout,,"MCQ with no keyed answer stated in GIT others; implied facts (anthracis, rodent kidney colonization) not stated in GIT others text — cannot include without inference"
OS,Other Subjects Capsule (GIT Others),PA-01,,exclude,9,Schistosoma species comparison table,123,GIT Others p. 35,excluded by original handout,,Present verbatim in Ch9 (the Ch9 text reproduces GIT others pp.35-47 nearly word for word)
OS,Other Subjects Capsule (GIT Others),PA-02,,exclude,9,"Schistosoma egg escape, miracidia, cercarial skin penetration",124,GIT Others p. 36,excluded by original handout,,Present verbatim in Ch9 (the Ch9 text reproduces GIT others pp.35-47 nearly word for word)
OS,Other Subjects Capsule (GIT Others),PA-03,,exclude,9,Schistosomula migration and prepatent period,125,GIT Others p. 36,excluded by original handout,,Duplicate; same prepatent periods (35 d / 70 d) — no discrepancy
OS,Other Subjects Capsule (GIT Others),PA-04,,exclude,9,Incubation of intestinal schistosomiasis,125,GIT Others p. 37,excluded by original handout,,Duplicate; identical figures — no discrepancy
OS,Other Subjects Capsule (GIT Others),PA-05,,exclude,9,Schistosomiasis stages 1–3,125,GIT Others p. 37,excluded by original handout,,Duplicate; same stage durations and features
OS,Other Subjects Capsule (GIT Others),PA-06,,exclude,9,Katayama fever; dysentery in intestinal bilharziasis,126,GIT Others p. 37,excluded by original handout,,Present verbatim in Ch9 (the Ch9 text reproduces GIT others pp.35-47 nearly word for word)
OS,Other Subjects Capsule (GIT Others),PA-07,,exclude,9,"Chronic stage – intestinal lesions (nodules, papillomata, sandy patches)",126,GIT Others p. 38,excluded by original handout,,Present verbatim in Ch9 (the Ch9 text reproduces GIT others pp.35-47 nearly word for word)
OS,Other Subjects Capsule (GIT Others),PA-08,,exclude,9,"Hepatic schistosomiasis: periportal fibrosis, portal hypertension, hypersplenism, pancytopenia",126,GIT Others p. 38,excluded by original handout,,Duplicate in Ch9 p.126; Ch23 p.310 also lists 'Schistosomiasis with periportal fibrosis' (presinusoidal) and Ch22 p.283 hepatosplenic schistosomiasis
OS,Other Subjects Capsule (GIT Others),PA-09,,exclude,9,Diagnosis of intestinal schistosomiasis,126,GIT Others p. 38,excluded by original handout,,Present verbatim in Ch9 (the Ch9 text reproduces GIT others pp.35-47 nearly word for word)
OS,Other Subjects Capsule (GIT Others),PA-10,,exclude,9,Schistosomiasis treatment and prevention,127,GIT Others p. 38,excluded by original handout,,Present verbatim in Ch9 (the Ch9 text reproduces GIT others pp.35-47 nearly word for word)
OS,Other Subjects Capsule (GIT Others),PA-11,,exclude,9,"Taenia saginata – distribution, hosts, infective/diagnostic stages",127,GIT Others p. 39,excluded by original handout,,Present verbatim in Ch9 (the Ch9 text reproduces GIT others pp.35-47 nearly word for word)
OS,Other Subjects Capsule (GIT Others),PA-12,,exclude,9,Taenia saginata – clinical picture,127,GIT Others p. 39,excluded by original handout,,Present verbatim in Ch9 (the Ch9 text reproduces GIT others pp.35-47 nearly word for word)
OS,Other Subjects Capsule (GIT Others),PA-13,,exclude,9,Taenia saginata – diagnosis,128,GIT Others p. 39,excluded by original handout,,Present verbatim in Ch9 (the Ch9 text reproduces GIT others pp.35-47 nearly word for word)
OS,Other Subjects Capsule (GIT Others),PA-14,,exclude,9,Taenia treatment doses,128,GIT Others p. 40,excluded by original handout,,Duplicate; identical doses — no discrepancy
OS,Other Subjects Capsule (GIT Others),PA-15,,exclude,9,Taenia saginata – control,128,GIT Others p. 40,excluded by original handout,,Present verbatim in Ch9 (the Ch9 text reproduces GIT others pp.35-47 nearly word for word)
OS,Other Subjects Capsule (GIT Others),PA-16,,exclude,9,"Taenia solium – differences, cysticercosis",129,GIT Others p. 40,excluded by original handout,,Present verbatim in Ch9 (the Ch9 text reproduces GIT others pp.35-47 nearly word for word)
OS,Other Subjects Capsule (GIT Others),PA-17,,exclude,9,Taenia solium – diagnosis and treatment,129,GIT Others p. 41,excluded by original handout,,Present verbatim in Ch9 (the Ch9 text reproduces GIT others pp.35-47 nearly word for word)
OS,Other Subjects Capsule (GIT Others),PA-18,,exclude,9,"Ascaris – distribution, infection, pathogenesis",132,GIT Others p. 42,excluded by original handout,,Present verbatim in Ch9 (the Ch9 text reproduces GIT others pp.35-47 nearly word for word)
OS,Other Subjects Capsule (GIT Others),PA-19,,exclude,9,"Ascaris – clinical picture (larval migration, intestinal)",132,GIT Others p. 42,excluded by original handout,,Present verbatim in Ch9 (the Ch9 text reproduces GIT others pp.35-47 nearly word for word)
OS,Other Subjects Capsule (GIT Others),PA-20,,exclude,9,Ascaris – traumatic/ectopic and toxic complications,133,GIT Others p. 43,excluded by original handout,,Duplicate in Ch9 p.133; Ch35 p.390 also lists Ascaris as a cause of obstructive jaundice; Ch12 p.154 lists worms as a cause of appendicitis
OS,Other Subjects Capsule (GIT Others),PA-21,,exclude,9,"Ascaris – diagnosis, treatment, prevention",133,GIT Others p. 43,excluded by original handout,,Duplicate; identical dose — no discrepancy
OS,Other Subjects Capsule (GIT Others),PA-22,,exclude,9,"Enterobius – distribution, habitat, mode of infection",134,GIT Others p. 44,excluded by original handout,,Present verbatim in Ch9 (the Ch9 text reproduces GIT others pp.35-47 nearly word for word)
OS,Other Subjects Capsule (GIT Others),PA-23,,exclude,9,"Enterobius – pathogenesis (pruritus ani/vulvae, appendicitis, family treatment)",134,GIT Others p. 44,excluded by original handout,,"Duplicate in Ch9 p.134 (Ch16 does not discuss pruritus ani causes, but fact is already in book)"
OS,Other Subjects Capsule (GIT Others),PA-24,,exclude,9,"Enterobius – diagnosis, treatment, prevention",135,GIT Others p. 45,excluded by original handout,,Present verbatim in Ch9 (the Ch9 text reproduces GIT others pp.35-47 nearly word for word)
OS,Other Subjects Capsule (GIT Others),PA-25,,exclude,9,Hepatic amoebiasis – routes of spread; diffuse amoebic hepatitis,136,GIT Others p. 46,excluded by original handout,,Duplicate in Ch9 pp.136-137; Ch25 p.329 also gives portal route and right-lobe predominance
OS,Other Subjects Capsule (GIT Others),PA-26,,exclude,9,"Amoebic liver abscess – pathology (anchovy-sauce pus, site)",137,GIT Others p. 46,excluded by original handout,,Duplicate in Ch9 p.137; Ch25 p.329 also has anchovy paste and right-lobe predominance
OS,Other Subjects Capsule (GIT Others),PA-27,,exclude,9,Amoebic liver abscess – clinical picture and DD,137,GIT Others p. 47,excluded by original handout,,"Duplicate in Ch9 p.137 (note: Ch25 p.330 describes pain as 'constant and dull aching' — wording differs, not flagged as a factual contradiction)"
OS,Other Subjects Capsule (GIT Others),PA-28,,exclude,9,"Amoebic liver abscess – serology, aspiration, stool, imaging",138,GIT Others p. 47,excluded by original handout,,"Duplicate in Ch9 p.138 (Ch25 p.331 calls stool testing 'Non-specific' — compatible, not contradictory)"
OS,Other Subjects Capsule (GIT Others),PA-29,C25-D1,discrepancy,25,Amoebic liver abscess – CBC finding,331,GIT Others p. 47,review point,R35,
OS,Other Subjects Capsule (GIT Others),PA-30,,exclude,9,Amoebiasis – prevention and control,138,GIT Others p. 47,excluded by original handout,,Present verbatim in Ch9 (the Ch9 text reproduces GIT others pp.35-47 nearly word for word)
HEP,After Mid-Module Hepatology Extras (Hepatology),A-01,,exclude,29,Jaundice threshold,"237, 350",Hepatology p. 1,excluded by original handout,,Covered (book gives 3-4 mg/dL; consistent).
HEP,After Mid-Module Hepatology Extras (Hepatology),A-02,,include,18,Skin signs of chronic liver disease: definitions,"237, 238, 282",Hepatology p. 1,retained,E18.01,
HEP,After Mid-Module Hepatology Extras (Hepatology),A-03,,include,18,Coagulation factors made by the liver,"238, 246",Hepatology p. 1,retained,E18.04,"E18.04: Merged Hepatology A-11, A-03 and A-12/A-30/A-31 so that no clotting-factor list reads as exhaustive (audit B M5)."
HEP,After Mid-Module Hepatology Extras (Hepatology),A-04,,include,18,Hyperdynamic circulation: signs and haemodynamics,"237, 282",Hepatology p. 2,retained,E18.02,"E18.02: Merged Hepatology points A-04, A-05 and A-06/A-07 (hyperdynamic circulation)."
HEP,After Mid-Module Hepatology Extras (Hepatology),A-05,,include,18,Origin of vasodilators in chronic liver disease,"237, 282, 338",Hepatology p. 2,retained,E18.02,"E18.02: Merged Hepatology points A-04, A-05 and A-06/A-07 (hyperdynamic circulation)."
HEP,After Mid-Module Hepatology Extras (Hepatology),A-06,,include,18,Nitric oxide and prostanoids as vasodilators,"237, 282, 339, 346",Hepatology p. 2,retained,E18.02,"E18.02: Merged Hepatology points A-04, A-05 and A-06/A-07 (hyperdynamic circulation)."
HEP,After Mid-Module Hepatology Extras (Hepatology),A-07,,include,18,"Vasodilator cycle figure: endocannabinoids, raised cardiac output","237, 339",Hepatology p. 2,retained,E18.02,"E18.02: Merged Hepatology points A-04, A-05 and A-06/A-07 (hyperdynamic circulation)."
HEP,After Mid-Module Hepatology Extras (Hepatology),A-08,,exclude,28,Hepatorenal syndrome definition,"237, 346",Hepatology p. 2,excluded by original handout,,Covered in more detail in Ch 28.
HEP,After Mid-Module Hepatology Extras (Hepatology),A-09,,exclude,18,"Imaging (US, Doppler, CT, MRI, MRCP, X-ray, Fibroscan, upper endoscopy)","239, 240, 241, 242",Hepatology p. 3,excluded by original handout,,Covered verbatim.
HEP,After Mid-Module Hepatology Extras (Hepatology),A-10,,exclude,18,"ERCP, EUS, PTC, liver biopsy","242, 243, 394, 395",Hepatology p. 4,excluded by original handout,,Covered verbatim.
HEP,After Mid-Module Hepatology Extras (Hepatology),A-11,,include,18,Synthetic and detoxification functions of the liver,"238, 244",Hepatology p. 5,retained,E18.04,"E18.04: Merged Hepatology A-11, A-03 and A-12/A-30/A-31 so that no clotting-factor list reads as exhaustive (audit B M5)."
HEP,After Mid-Module Hepatology Extras (Hepatology),A-12,,include,18,Albumin as prognostic marker,"238, 244, 286",Hepatology p. 5,retained,E18.04,"E18.04: Merged Hepatology A-11, A-03 and A-12/A-30/A-31 so that no clotting-factor list reads as exhaustive (audit B M5)."
HEP,After Mid-Module Hepatology Extras (Hepatology),A-13,,exclude,18,"Aminotransferases, ALT/AST ratio, immunoglobulins","238, 244","Hepatology p. 5, 6",excluded by original handout,,Covered verbatim.
HEP,After Mid-Module Hepatology Extras (Hepatology),A-14,,include,18,ALP/GGT in space-occupying lesions,245,Hepatology p. 6,retained,E18.06,E18.06: Merged Hepatology A-14/A-15 with B1-19 (ALP/GGT with space-occupying or infiltrative lesions; audit B M4).
HEP,After Mid-Module Hepatology Extras (Hepatology),A-15,,include,18,ALP in bone disease: examples,245,Hepatology p. 6,retained,E18.06,E18.06: Merged Hepatology A-14/A-15 with B1-19 (ALP/GGT with space-occupying or infiltrative lesions; audit B M4).
HEP,After Mid-Module Hepatology Extras (Hepatology),A-16,,include,18,5'-nucleotidase,245,Hepatology p. 6,retained,E18.05,
HEP,After Mid-Module Hepatology Extras (Hepatology),A-17,,include,18,Bilirubin processing enzymes,245,Hepatology p. 7,retained,"E18.09, E18.10",E18.10: Merged Hepatology F-03/A-17 with A-18 (bilirubin and bile acids in the gut).
HEP,After Mid-Module Hepatology Extras (Hepatology),A-18,,include,18,Bile acids and enterohepatic circulation,245,Hepatology p. 7,retained,E18.10,E18.10: Merged Hepatology F-03/A-17 with A-18 (bilirubin and bile acids in the gut).
HEP,After Mid-Module Hepatology Extras (Hepatology),A-19,,include,18,Intrahepatic bilirubin carrier proteins,"245, 392",Hepatology p. 7,retained,E18.09,
HEP,After Mid-Module Hepatology Extras (Hepatology),A-20,,exclude,18,Conjugated bilirubin non-toxic,245,Hepatology p. 7,excluded by original handout,,Trivial addition.
HEP,After Mid-Module Hepatology Extras (Hepatology),A-21,,include,18,Crigler-Najjar type II,"245, 350, 354",Hepatology p. 8,retained,E18.12,
HEP,After Mid-Module Hepatology Extras (Hepatology),A-22,,include,18,Dubin-Johnson vs Rotor,"246, 350, 354",Hepatology p. 8,retained,E18.12,
HEP,After Mid-Module Hepatology Extras (Hepatology),A-23,,exclude,29,Causes of intra/extrahepatic cholestasis,"246, 352, 390",Hepatology p. 8,excluded by original handout,,Covered across Ch 29/35.
HEP,After Mid-Module Hepatology Extras (Hepatology),A-24,,exclude,18,Gilbert syndrome,"245, 351",Hepatology p. 8,excluded by original handout,,Covered.
HEP,After Mid-Module Hepatology Extras (Hepatology),A-25,,include,29,Drug causes of hepatic jaundice: halothane,"246, 351",Hepatology p. 9,retained,E29.02,
HEP,After Mid-Module Hepatology Extras (Hepatology),A-26,,include,18,Hemolytic jaundice: LDH,"245, 246",Hepatology p. 9,retained,E18.11,"E18.11: Hepatology A-29 jaundice table reduced to the details the book lacks (most of it is on book pp. 245–246; audit B §5.1); merged with A-26/A-28 (LDH, β-lipoproteins)."
HEP,After Mid-Module Hepatology Extras (Hepatology),A-27,,include,29,Work-up of isolated indirect hyperbilirubinaemia,354,Hepatology p. 10,retained,E29.01,
HEP,After Mid-Module Hepatology Extras (Hepatology),A-28,,include,18,Obstructive jaundice: lipids,"246, 353",Hepatology p. 9,retained,E18.11,"E18.11: Hepatology A-29 jaundice table reduced to the details the book lacks (most of it is on book pp. 245–246; audit B §5.1); merged with A-26/A-28 (LDH, β-lipoproteins)."
HEP,After Mid-Module Hepatology Extras (Hepatology),A-29,,include,18,Three-way comparison of jaundice types,"245, 246","Hepatology p. 9, 10",retained,E18.11,"E18.11: Hepatology A-29 jaundice table reduced to the details the book lacks (most of it is on book pp. 245–246; audit B §5.1); merged with A-26/A-28 (LDH, β-lipoproteins)."
HEP,After Mid-Module Hepatology Extras (Hepatology),A-30,,include,18,Factors measured by PT,246,Hepatology p. 10,retained,E18.04,"E18.04: Merged Hepatology A-11, A-03 and A-12/A-30/A-31 so that no clotting-factor list reads as exhaustive (audit B M5)."
HEP,After Mid-Module Hepatology Extras (Hepatology),A-31,,include,18,PT vs albumin as marker,"244, 246",Hepatology p. 10,retained,E18.04,"E18.04: Merged Hepatology A-11, A-03 and A-12/A-30/A-31 so that no clotting-factor list reads as exhaustive (audit B M5)."
HEP,After Mid-Module Hepatology Extras (Hepatology),A-32,,exclude,18,Vitamin K correction test,"246, 249, 392",Hepatology p. 10,excluded by original handout,,Covered.
HEP,After Mid-Module Hepatology Extras (Hepatology),A-33,,exclude,29,Dilated vs undilated duct causes,"352, 390, 391",Hepatology p. 10,excluded by original handout,,Covered in substance (image table).
HEP,After Mid-Module Hepatology Extras (Hepatology),A-34,,discrepancy,18,Serum immunoglobulins in PBC,239,Hepatology p. 11,review point,R16,
HEP,After Mid-Module Hepatology Extras (Hepatology),A-35,,exclude,18,"Additional blood tests (viral markers, AFP, A1AT, autoantibodies, HFE)",239,Hepatology p. 11,excluded by original handout,,Covered.
HEP,After Mid-Module Hepatology Extras (Hepatology),A-36,,include,22,Ceruloplasmin structure,"294, 295",Hepatology p. 12,retained,E22.08,E22.08: Merged Hepatology A-36/37/39/42/43 with A-41 (Wilson disease).
HEP,After Mid-Module Hepatology Extras (Hepatology),A-37,,include,22,Copper absorption fraction,294,Hepatology p. 12,retained,E22.08,E22.08: Merged Hepatology A-36/37/39/42/43 with A-41 (Wilson disease).
HEP,After Mid-Module Hepatology Extras (Hepatology),A-38,,exclude,22,Wilson disease genetics/pathophysiology,"294, 295",Hepatology p. 12,excluded by original handout,,Covered.
HEP,After Mid-Module Hepatology Extras (Hepatology),A-39,,include,22,Wilson psychiatric features: psychosis,295,Hepatology p. 12,retained,E22.08,E22.08: Merged Hepatology A-36/37/39/42/43 with A-41 (Wilson disease).
HEP,After Mid-Module Hepatology Extras (Hepatology),A-40,,exclude,22,Wilson: first symptoms neurological,295,Hepatology p. 12,excluded by original handout,,"Source unclear: stated as universal, conflicts with the common hepatic presentation that the book also lists; not added."
HEP,After Mid-Module Hepatology Extras (Hepatology),A-41,,include,22,Kayser-Fleischer ring appearance,"295, 296",Hepatology p. 13,retained,E22.08,E22.08: Merged Hepatology A-36/37/39/42/43 with A-41 (Wilson disease).
HEP,After Mid-Module Hepatology Extras (Hepatology),A-42,,include,22,Wilson haemolysis mechanism,295,Hepatology p. 13,retained,E22.08,E22.08: Merged Hepatology A-36/37/39/42/43 with A-41 (Wilson disease).
HEP,After Mid-Module Hepatology Extras (Hepatology),A-43,,include,22,Ceruloplasmin normal range,"250, 296",Hepatology p. 13,retained,E22.08,E22.08: Merged Hepatology A-36/37/39/42/43 with A-41 (Wilson disease).
HEP,After Mid-Module Hepatology Extras (Hepatology),A-44,,exclude,18,"Wilson diagnostic tests (slit lamp, urinary copper, biopsy, serum copper)","250, 296, 297",Hepatology p. 13,excluded by original handout,,"Covered; the only difference is book-internal (≥ vs >), not source vs book."
HEP,After Mid-Module Hepatology Extras (Hepatology),A-45,,exclude,18,"General symptoms: fatigability, fever, encephalopathy, endocrine","237, 238, 282",Hepatology p. 1,excluded by original handout,,Covered.
HEP,After Mid-Module Hepatology Extras (Hepatology),B1-01,,include,18,Acute viral hepatitis - expected time to resolution,"246, 247, 257",Hepatology p. 14,retained,E19.01,
HEP,After Mid-Module Hepatology Extras (Hepatology),B1-02,,include,18,Follow-up / prognostic markers in acute hepatitis,"246, 247, 252",Hepatology p. 14,retained,E19.02,
HEP,After Mid-Module Hepatology Extras (Hepatology),B1-03,,include,18,Documenting recovery of HBV/HCV,"247, 248, 259",Hepatology p. 14,retained,E18.14,
HEP,After Mid-Module Hepatology Extras (Hepatology),B1-04,,include,18,HAV direct detection,"247, 253","Hepatology p. 15, 24",retained,E18.15,
HEP,After Mid-Module Hepatology Extras (Hepatology),B1-05,,exclude,18,HAV IgG - vaccine vs natural immunity,"247, 259",Hepatology p. 15,excluded by original handout,,Minor increment: vaccine-derived IgG and use of total Ab to confirm immunity. Low priority. | Central review: low yield (vaccine-derived IgG immunity implied by book p259).
HEP,After Mid-Module Hepatology Extras (Hepatology),B1-06,,include,19,HBV - infectious body fluids,"247, 255",Hepatology p. 16,retained,E19.03,
HEP,After Mid-Module Hepatology Extras (Hepatology),B1-07,,include,18,HBV window period - interpretation,248,Hepatology p. 17,retained,E18.13,"E18.13: Merged Hepatology B1-08/B1-09 tables, B1-09 comparison and B1-07 window-period point."
HEP,After Mid-Module Hepatology Extras (Hepatology),B1-08,,include,18,HBV serology interpretation table,"247, 248, 259",Hepatology p. 17,retained,E18.13,"E18.13: Merged Hepatology B1-08/B1-09 tables, B1-09 comparison and B1-07 window-period point."
HEP,After Mid-Module Hepatology Extras (Hepatology),B1-09,,include,18,HBV markers: acute vs chronic vs past,"248, 259",Hepatology p. 17,retained,E18.13,"E18.13: Merged Hepatology B1-08/B1-09 tables, B1-09 comparison and B1-07 window-period point."
HEP,After Mid-Module Hepatology Extras (Hepatology),B1-10,,exclude,18,HBV DNA PCR uses,"248, 266, 267",Hepatology p. 17,excluded by original handout,,Already covered (p248 + Ch 20 phase table).
HEP,After Mid-Module Hepatology Extras (Hepatology),B1-11,,include,19,HCV - transfusion-associated hepatitis,"248, 256",Hepatology p. 18,retained,E19.04,
HEP,After Mid-Module Hepatology Extras (Hepatology),B1-12,,include,20,HCV antibody - false positive/negative,"248, 272",Hepatology p. 18,retained,E18.16,
HEP,After Mid-Module Hepatology Extras (Hepatology),B1-13,,include,18,HCV IgM - not diagnostic,"248, 249",Hepatology p. 18,retained,E18.16,
HEP,After Mid-Module Hepatology Extras (Hepatology),B1-14,,include,19,HDV - dependence on HBsAg,"249, 255",Hepatology p. 19,retained,E19.05,
HEP,After Mid-Module Hepatology Extras (Hepatology),B1-15,,include,19,HEV genotypes and transmission,"249, 254",Hepatology p. 19,retained,E19.06,
HEP,After Mid-Module Hepatology Extras (Hepatology),B1-16,,include,19,HEV chronicity in immunocompromised,"249, 254, 258",Hepatology p. 19,retained,E19.06,
HEP,After Mid-Module Hepatology Extras (Hepatology),B1-17,,include,19,HEV age distribution,"249, 254",Hepatology p. 19,retained,E19.06,
HEP,After Mid-Module Hepatology Extras (Hepatology),B1-18,,include,18,Hepatitis G,249,Hepatology p. 20,retained,E18.17,"E18.17: Hepatology B1-18 (Hepatitis G, book p. 249) moved from Chapter 19 to Chapter 18, where p. 249 belongs (audit C)."
HEP,After Mid-Module Hepatology Extras (Hepatology),B1-19,,include,18,Hepatic infiltration / space-occupying lesions - lab pattern,"245, 246, 249",Hepatology p. 20,retained,E18.06,E18.06: Merged Hepatology A-14/A-15 with B1-19 (ALP/GGT with space-occupying or infiltrative lesions; audit B M4).
HEP,After Mid-Module Hepatology Extras (Hepatology),B1-20,,exclude,18,Lab findings of cirrhosis,249,Hepatology p. 20,excluded by original handout,,Already covered.
HEP,After Mid-Module Hepatology Extras (Hepatology),B1-21,,exclude,18,Chronic hepatitis definition and labs,"249, 250",Hepatology p. 21,excluded by original handout,,Already covered.
HEP,After Mid-Module Hepatology Extras (Hepatology),B1-22,,include,18,AIH vs HBV vs HCV chronic hepatitis table,"250, 275",Hepatology p. 21,retained,E18.18,
HEP,After Mid-Module Hepatology Extras (Hepatology),B1-23,,include,21,"AIH subtypes - antibody profile, IgG, cirrhosis",275,Hepatology p. 22,retained,E21.01,E21.01: Type frequencies left out (disputed; review point R25).
HEP,After Mid-Module Hepatology Extras (Hepatology),B1-24,,discrepancy,21,AIH type 1 frequency,275,Hepatology p. 22,review point,R25,
HEP,After Mid-Module Hepatology Extras (Hepatology),B1-25,,exclude,18,SPE figures,249,Hepatology p. 22,excluded by original handout,,Figure illustrates text already in book; optional figure only.
HEP,After Mid-Module Hepatology Extras (Hepatology),B1-26,,exclude,18,Quiz items,"245, 246",Hepatology p. 22,excluded by original handout,,Quiz questions; no unique fact.
HEP,After Mid-Module Hepatology Extras (Hepatology),B1-27,,exclude,18,Pre-icteric/icteric stage labs of acute viral hepatitis,"244, 246, 247",Hepatology p. 14,excluded by original handout,,Already covered.
HEP,After Mid-Module Hepatology Extras (Hepatology),B1-28,,exclude,18,HAV/HBV serological markers (general),"247, 248","Hepatology p. 15, 16, 17",excluded by original handout,,Already covered.
HEP,After Mid-Module Hepatology Extras (Hepatology),B1-29,,exclude,19,Causes of acute hepatitis / etiology,252,Hepatology p. 23,excluded by original handout,,Already covered.
HEP,After Mid-Module Hepatology Extras (Hepatology),B1-30,,exclude,19,"Hepatitis A (epidemiology, labs, course, prevention, vaccine)","252, 253, 254","Hepatology p. 23, 24, 25",excluded by original handout,,Already covered.
HEP,After Mid-Module Hepatology Extras (Hepatology),B1-31,,exclude,19,Hepatitis E (Ch 19 section),254,Hepatology p. 25,excluded by original handout,,Already covered.
HEP,After Mid-Module Hepatology Extras (Hepatology),B1-32,,exclude,19,HBV/HDV/HCV virology and course (Ch 19 section),"254, 255, 256, 257","Hepatology p. 26, 27",excluded by original handout,,Already covered.
HEP,After Mid-Module Hepatology Extras (Hepatology),B1-33,,exclude,19,Clinical picture and sequelae of viral hepatitis,257,Hepatology p. 28,excluded by original handout,,Already covered.
HEP,After Mid-Module Hepatology Extras (Hepatology),B1-34,,exclude,19,"Characteristics table, pathology, investigations, viral markers","258, 259","Hepatology p. 29, 30, 31",excluded by original handout,,Already covered.
HEP,After Mid-Module Hepatology Extras (Hepatology),B1-35,,discrepancy,19,Rest in acute viral hepatitis,"253, 259",Hepatology p. 31,review point,R19,
HEP,After Mid-Module Hepatology Extras (Hepatology),B1-36,,exclude,19,"Prevention (HAV/HEV/HBV vaccine, HBIG, HCV)","259, 260",Hepatology p. 31,excluded by original handout,,Already covered.
HEP,After Mid-Module Hepatology Extras (Hepatology),B1-37,,exclude,19,Herpes/EBV/CMV/HSV hepatitis,"260, 261","Hepatology p. 32, 33",excluded by original handout,,Already covered.
HEP,After Mid-Module Hepatology Extras (Hepatology),B1-38,,exclude,18,HCV antibody timing (internal inconsistency),"249, 259","Hepatology p. 18, 31",excluded by original handout,,Source-internal inconsistency (HAP 18 vs HAP 31) mirrored in book; not a source-vs-book discrepancy. Flag for editor.
HEP,After Mid-Module Hepatology Extras (Hepatology),B2-01,,include,19,Chronic hepatitis pathology (severe form),263,Hepatology p. 34,retained,E19.07,
HEP,After Mid-Module Hepatology Extras (Hepatology),B2-02,,exclude,19,"Chronic hepatitis definition, etiology, pathology, METAVIR","262, 263",Hepatology p. 34,excluded by original handout,,Already covered (book is more detailed).
HEP,After Mid-Module Hepatology Extras (Hepatology),B2-03,,discrepancy,20,HBV prevalence in Egypt,265,Hepatology p. 35,review point,R20,
HEP,After Mid-Module Hepatology Extras (Hepatology),B2-04,,discrepancy,20,Age-dependent chronicity of HBV,"265, 248",Hepatology p. 35,review point,R21,R21: Book page corrected from p. 248 to p. 247 for the 5–10% figure (audit B).
HEP,After Mid-Module Hepatology Extras (Hepatology),B2-05,,include,20,Sex distribution of chronic HBV,265,Hepatology p. 35,retained,E20.01,
HEP,After Mid-Module Hepatology Extras (Hepatology),B2-06,,include,20,Proportion of carriers with replication,"265, 266",Hepatology p. 35,retained,E20.01,
HEP,After Mid-Module Hepatology Extras (Hepatology),B2-07,,include,20,Rate of progression to cirrhosis in HBV,265,Hepatology p. 35,retained,E20.01,
HEP,After Mid-Module Hepatology Extras (Hepatology),B2-08,,include,20,Immune-tolerant phase evolution,266,Hepatology p. 35,retained,E20.02,
HEP,After Mid-Module Hepatology Extras (Hepatology),B2-09,,include,20,Inactive carrier detection,267,Hepatology p. 35,retained,E20.03,
HEP,After Mid-Module Hepatology Extras (Hepatology),B2-10,,discrepancy,20,Inactive carrier HBV DNA threshold,"266, 267",Hepatology p. 35,review point,R22,
HEP,After Mid-Module Hepatology Extras (Hepatology),B2-11,,include,20,HBV reactivation and prophylaxis,"267, 268, 269",Hepatology p. 35,retained,E20.03,
HEP,After Mid-Module Hepatology Extras (Hepatology),B2-12,,discrepancy,20,Spontaneous HBsAg clearance,267,Hepatology p. 35,review point,R23,
HEP,After Mid-Module Hepatology Extras (Hepatology),B2-13,,exclude,20,"HBV investigations, treatment indications, aims","268, 269",Hepatology p. 36,excluded by original handout,,Already covered.
HEP,After Mid-Module Hepatology Extras (Hepatology),B2-14,,include,20,Durability of HBeAg loss,269,Hepatology p. 36,retained,E20.04,
HEP,After Mid-Module Hepatology Extras (Hepatology),B2-15,,include,20,Predictors of interferon response in HBV,271,Hepatology p. 36,retained,E20.05,
HEP,After Mid-Module Hepatology Extras (Hepatology),B2-16,,include,20,Peg-IFN response rate in HBV,"270, 271",Hepatology p. 36,retained,E20.05,
HEP,After Mid-Module Hepatology Extras (Hepatology),B2-17,,include,20,Tenofovir in resistant HBV,270,Hepatology p. 37,retained,E20.06,
HEP,After Mid-Module Hepatology Extras (Hepatology),B2-18,,include,20,Entecavir efficacy,270,Hepatology p. 37,retained,E20.06,
HEP,After Mid-Module Hepatology Extras (Hepatology),B2-19,,include,20,Lamivudine resistance mechanism,270,Hepatology p. 37,retained,E20.06,
HEP,After Mid-Module Hepatology Extras (Hepatology),B2-20,,exclude,20,HDV treatment,271,Hepatology p. 37,excluded by original handout,,Already covered.
HEP,After Mid-Module Hepatology Extras (Hepatology),B2-21,,exclude,20,Chronic HCV clinical features and extrahepatic manifestations,"271, 272",Hepatology p. 37,excluded by original handout,,Already covered.
HEP,After Mid-Module Hepatology Extras (Hepatology),B2-22,,exclude,20,Chronic HCV diagnosis,272,Hepatology p. 38,excluded by original handout,,Already covered.
HEP,After Mid-Module Hepatology Extras (Hepatology),B2-23,,include,20,Mechanism of DAAs,"272, 256",Hepatology p. 38,retained,E20.07,
HEP,After Mid-Module Hepatology Extras (Hepatology),B2-24,,include,20,Sofosbuvir details,272,Hepatology p. 38,retained,E20.08,
HEP,After Mid-Module Hepatology Extras (Hepatology),B2-25,,exclude,20,Daclatasvir / ledipasvir doses,272,Hepatology p. 38,excluded by original handout,,Doses absent; mark program-specific/older regimen (book states these have largely been replaced). | Central review: doses of older DAA combinations the book says are largely replaced; low value.
HEP,After Mid-Module Hepatology Extras (Hepatology),B2-26,,include,20,Ribavirin dose and adverse effects,273,Hepatology p. 38,retained,E20.08,
HEP,After Mid-Module Hepatology Extras (Hepatology),B2-27,,exclude,20,Peg-IFN in HCV,273,Hepatology p. 38,excluded by original handout,,Outdated for HCV; book already states IFN-free approach.
HEP,After Mid-Module Hepatology Extras (Hepatology),B2-28,,include,20,Egypt HCV transmission factors,273,Hepatology p. 39,retained,E20.09,
HEP,After Mid-Module Hepatology Extras (Hepatology),B2-29,,exclude,20,Egyptian national HCV response (history),273,Hepatology p. 39,excluded by original handout,,"Program-specific historical detail. | Central review: programme history (2007 committee, NNTC); not student-useful."
HEP,After Mid-Module Hepatology Extras (Hepatology),B2-30,,discrepancy,20,Egypt screening campaign results,273,Hepatology p. 39,review point,R24,
HEP,After Mid-Module Hepatology Extras (Hepatology),B2-31,,exclude,20,Egypt screening campaign scope,273,Hepatology p. 39,excluded by original handout,,Program-specific detail absent. | Central review: campaign detail (NCD screening); not student-useful.
HEP,After Mid-Module Hepatology Extras (Hepatology),B2-32,,exclude,20,Egyptian HCV treatment program criteria and regimens,"272, 273",Hepatology p. 40,excluded by original handout,,Program-specific national protocol. | Central review: superseded Egyptian national regimen (sofosbuvir+daclatasvir); book states regimens replaced.
HEP,After Mid-Module Hepatology Extras (Hepatology),B2-33,,exclude,20,SVR definition and HBV vaccination,273,Hepatology p. 40,excluded by original handout,,Already covered.
HEP,After Mid-Module Hepatology Extras (Hepatology),B2-34,,exclude,21,"AIH definition, types, clinical picture, diagnosis","275, 276",Hepatology p. 41,excluded by original handout,,Already covered.
HEP,After Mid-Module Hepatology Extras (Hepatology),B2-35,,exclude,21,"AIH treatment indications, drugs, remission, prognosis","276, 277",Hepatology p. 42,excluded by original handout,,Already covered.
HEP,After Mid-Module Hepatology Extras (Hepatology),C-01,,include,21,NAFLD/MASLD - rate of weight loss,279,Hepatology p. 44,retained,E21.02,
HEP,After Mid-Module Hepatology Extras (Hepatology),C-02,,discrepancy,21,NAFLD/MASLD - metformin,279,Hepatology p. 44,review point,R26,
HEP,After Mid-Module Hepatology Extras (Hepatology),C-03,,exclude,21,NAFLD - drugs under trial,279,Hepatology p. 44,excluded by original handout,,Book already covers GLP-1 RA with more current status; trial-drug list is dated
HEP,After Mid-Module Hepatology Extras (Hepatology),C-04,,exclude,21,Fibroscan limitation in NAFLD,"278, 241, 242",Hepatology p. 43,excluded by original handout,,"Outdated versus book's CAP statement; NAFLD topic otherwise covered (definition, renaming, metabolic syndrome, clinical picture, U/S, biopsy) at p277-279"
HEP,After Mid-Module Hepatology Extras (Hepatology),C-05,,include,22,Cirrhosis - associated conditions at presentation,282,Hepatology p. 45,retained,E22.03,
HEP,After Mid-Module Hepatology Extras (Hepatology),C-06,,include,22,Cirrhosis - causes of fever,282,Hepatology p. 45,retained,E22.03,
HEP,After Mid-Module Hepatology Extras (Hepatology),C-07,,include,22,Cirrhosis - hormonal signs,282,Hepatology p. 45,retained,E22.03,
HEP,After Mid-Module Hepatology Extras (Hepatology),C-08,,discrepancy,22,Fetor hepaticus,283,Hepatology p. 46,review point,R27,
HEP,After Mid-Module Hepatology Extras (Hepatology),C-09,,exclude,22,Physical signs figure and abdominal/chest examination,"283, 284",Hepatology p. 46,excluded by original handout,,Already covered (same figure and text)
HEP,After Mid-Module Hepatology Extras (Hepatology),C-10,,include,22,Cirrhosis - urine,284,Hepatology p. 47,retained,E22.04,
HEP,After Mid-Module Hepatology Extras (Hepatology),C-11,,include,22,Elastography rule-out of varices (Baveno),"285, 312",Hepatology p. 48,retained,E22.05,
HEP,After Mid-Module Hepatology Extras (Hepatology),C-12,,include,22,Elastography diagnosis of CSPH,"285, 313",Hepatology p. 48,retained,E22.05,
HEP,After Mid-Module Hepatology Extras (Hepatology),C-13,,discrepancy,22,Cirrhosis nutrition - protein,286,Hepatology p. 48,review point,R28,"R28: Third position added: book p. 359 (20 g/day in the acute attack), found by audit B."
HEP,After Mid-Module Hepatology Extras (Hepatology),C-14,,exclude,22,Child-Pugh classes,"286, 287",Hepatology p. 49,excluded by original handout,,Source unclear: '>10' leaves a score of 10 unassigned; book covers CTP and MELD fully
HEP,After Mid-Module Hepatology Extras (Hepatology),C-15,,discrepancy,22,PBC diagnostic criteria,288,Hepatology p. 51,review point,R29,
HEP,After Mid-Module Hepatology Extras (Hepatology),C-16,,discrepancy,22,PBC - UDCA effect,288,Hepatology p. 51,review point,R30,
HEP,After Mid-Module Hepatology Extras (Hepatology),C-17,,include,22,PBC - supportive treatment,"287, 288",Hepatology p. 51,retained,E22.06,
HEP,After Mid-Module Hepatology Extras (Hepatology),C-18,,include,22,PBC histology,288,Hepatology p. 51,retained,E22.06,
HEP,After Mid-Module Hepatology Extras (Hepatology),C-19,,exclude,22,PBC imaging,288,Hepatology p. 51,excluded by original handout,,Book already covers biliary imaging with MRCP (more current); rest of PBC section covered p287-289
HEP,After Mid-Module Hepatology Extras (Hepatology),C-20,,exclude,22,PSC interventional treatment,"289, 290",Hepatology p. 52,excluded by original handout,,"Already covered; surgical excision of strictures is a minor, outdated point"
HEP,After Mid-Module Hepatology Extras (Hepatology),C-21,,include,22,Hemochromatosis - HCC risk,"292, 333",Hepatology p. 53,retained,E22.07,E22.07: Merged Hepatology C-21/C-23 with C-22 (haemochromatosis).
HEP,After Mid-Module Hepatology Extras (Hepatology),C-22,,include,22,Hemochromatosis - MRI differentiation,293,Hepatology p. 53,retained,E22.07,E22.07: Merged Hepatology C-21/C-23 with C-22 (haemochromatosis).
HEP,After Mid-Module Hepatology Extras (Hepatology),C-23,,include,22,Hemochromatosis - skin pigmentation mechanism,292,Hepatology p. 53,retained,E22.07,E22.07: Merged Hepatology C-21/C-23 with C-22 (haemochromatosis).
HEP,After Mid-Module Hepatology Extras (Hepatology),C-24,,exclude,22,Hemochromatosis pathophysiology,"291, 292, 293, 294",Hepatology p. 53,excluded by original handout,,Book gives a more current (hepcidin) mechanism; rest of topic covered
HEP,After Mid-Module Hepatology Extras (Hepatology),C-25,,exclude,22,Wilson disease (HAP 54),"294, 295, 296, 297, 298, 250",Hepatology p. 54,excluded by original handout,,Fully covered; source mechanism (ceruloplasmin synthesis defect) is outdated relative to book's ATP7B account
HEP,After Mid-Module Hepatology Extras (Hepatology),C-26,,discrepancy,22,Alcoholic cirrhosis threshold,"281, 298","Hepatology p. 55, 44",review point,R31,
HEP,After Mid-Module Hepatology Extras (Hepatology),C-27,,exclude,22,Alcoholic cirrhosis - GGT,"299, 239, 245",Hepatology p. 55,excluded by original handout,,Essentially covered; alcoholic cirrhosis section otherwise covered p298-299 (headache/migraine in source list is trivial)
HEP,After Mid-Module Hepatology Extras (Hepatology),C-28,,include,22,Alpha-1 antitrypsin deficiency - phenotypes,300,Hepatology p. 56,excluded in integration,,"Excluded in integration: largely already in the book (book p. 300 gives phenotyping/genotyping of SERPINA1, PiZZ); only the naming of M and S phenotypes was new, judged low value (audit B §5.1)."
HEP,After Mid-Module Hepatology Extras (Hepatology),C-29,,exclude,22,Alpha-1 antitrypsin deficiency - treatment,300,Hepatology p. 56,excluded by original handout,,Not an established therapy; source gives no detail; remaining A1AT content covered p299-300
HEP,After Mid-Module Hepatology Extras (Hepatology),C-30,,exclude,22,"Cirrhosis definition, etiology, morphology, signs, labs, U/S, NITs, treatment of cause","281, 282, 283, 284, 285, 286","Hepatology p. 44, 45, 47, 48",excluded by original handout,,Already covered
HEP,After Mid-Module Hepatology Extras (Hepatology),D-01,,include,23,Causes of portal hypertension: increased portal inflow,"309, 310",Hepatology p. 57,retained,E23.01,
HEP,After Mid-Module Hepatology Extras (Hepatology),D-02,,include,23,Prehepatic causes: splenic vein and tumour compression,"309, 310",Hepatology p. 57,retained,E23.01,
HEP,After Mid-Module Hepatology Extras (Hepatology),D-03,,include,23,Presinusoidal causes (extra items),310,Hepatology p. 57,retained,E23.01,
HEP,After Mid-Module Hepatology Extras (Hepatology),D-04,,include,23,Sinusoidal/postsinusoidal causes (extra items),310,Hepatology p. 57,retained,E23.01,
HEP,After Mid-Module Hepatology Extras (Hepatology),D-05,,include,23,Mechanism of splenomegaly,"311, 312",Hepatology p. 59,retained,E23.02,
HEP,After Mid-Module Hepatology Extras (Hepatology),D-06,,merged,22,Elastography threshold for CSPH,"285, 313",Hepatology p. 60,retained,E22.05,
HEP,After Mid-Module Hepatology Extras (Hepatology),D-07,,include,23,Mortality burden of variceal bleeding,313,Hepatology p. 60,retained,E23.03,
HEP,After Mid-Module Hepatology Extras (Hepatology),D-08,,include,23,Propranolol for primary prophylaxis,313,Hepatology p. 61,retained,E23.04,
HEP,After Mid-Module Hepatology Extras (Hepatology),D-09,,include,23,Mechanism of non-selective beta-blockers,313,Hepatology p. 61,retained,E23.04,
HEP,After Mid-Module Hepatology Extras (Hepatology),D-10,,include,23,NSBB vs band ligation (primary prophylaxis),"313, 314",Hepatology p. 61,retained,E23.04,
HEP,After Mid-Module Hepatology Extras (Hepatology),D-11,,include,23,Resuscitation haemodynamic target,"314, 315",Hepatology p. 61,retained,E23.05,"E23.05: Terlipressin dose labelled as Hepatology-source only (book gives duration, no dose); garbled IHD sentence pointed to note N4 (audit B S7)."
HEP,After Mid-Module Hepatology Extras (Hepatology),D-12,,include,23,Tissue adhesive indications,315,Hepatology p. 62,retained,E23.06,E23.06: Restored the source's own qualifier 'rarely used now' for balloon tamponade (book p. 316 and Hepatology p. 62; audit B S12).
HEP,After Mid-Module Hepatology Extras (Hepatology),D-13,,include,23,Terlipressin dose in variceal bleeding,315,Hepatology p. 62,retained,E23.05,"E23.05: Terlipressin dose labelled as Hepatology-source only (book gives duration, no dose); garbled IHD sentence pointed to note N4 (audit B S7)."
HEP,After Mid-Module Hepatology Extras (Hepatology),D-14,,exclude,23,Oral intake during variceal bleeding,316,Hepatology p. 62,excluded by original handout,,Absent from variceal section; general UGIB statement differs in endpoint | Central review: NPO already in first-half book Ch 03 upper GI bleeding (printed p50).
HEP,After Mid-Module Hepatology Extras (Hepatology),D-15,,include,23,Indication for balloon tamponade,316,Hepatology p. 62,retained,E23.06,E23.06: Restored the source's own qualifier 'rarely used now' for balloon tamponade (book p. 316 and Hepatology p. 62; audit B S12).
HEP,After Mid-Module Hepatology Extras (Hepatology),D-16,,include,23,TIPS timing criterion,316,Hepatology p. 62,retained,E23.07,"E23.07: Added the source's own 'rebleed within 10 days → repeat endoscopy' sentence (also book p. 316) beside the TIPS 5-day window, so the two are read together (audit B S4)."
HEP,After Mid-Module Hepatology Extras (Hepatology),D-17,,include,23,Types of surgical portosystemic shunt,317,Hepatology p. 63,retained,E23.07,"E23.07: Added the source's own 'rebleed within 10 days → repeat endoscopy' sentence (also book p. 316) beside the TIPS 5-day window, so the two are read together (audit B S4)."
HEP,After Mid-Module Hepatology Extras (Hepatology),D-18,,include,18,Liver cell failure: scope,"237, 238",Hepatology p. 64,retained,E18.03,
HEP,After Mid-Module Hepatology Extras (Hepatology),D-19,,include,17,Principal functions of the liver,"233, 235",Hepatology p. 64,retained,E17.01,
HEP,After Mid-Module Hepatology Extras (Hepatology),D-20,,include,17,Metabolic zonation of the lobule,235,Hepatology p. 64,retained,E17.02,
HEP,After Mid-Module Hepatology Extras (Hepatology),D-21,,include,22,Cryptogenic cirrhosis,281,Hepatology p. 65,retained,E22.01,
HEP,After Mid-Module Hepatology Extras (Hepatology),D-22,,include,22,Consequences of cirrhosis: two mechanisms,"281, 282",Hepatology p. 65,retained,E22.02,
HEP,After Mid-Module Hepatology Extras (Hepatology),D-23,,exclude,18,Hepatic failure feature list,"237, 238",Hepatology p. 65,excluded by original handout,,List items absent; low priority | Central review: source gives only the heading 'changes in nitrogen metabolism' with no content.
HEP,After Mid-Module Hepatology Extras (Hepatology),D-24,,discrepancy,23,Transfusion target,315,Hepatology p. 61,review point,R32,R32: The same Hct ≈ 30 text is in GIT Internal Med p. 43 (verified); both sources cited.
HEP,After Mid-Module Hepatology Extras (Hepatology),D-25,,discrepancy,23,Nasogastric tube in variceal bleeding,315,Hepatology p. 61,review point,R33,"R33: Extended with GIT Internal Med's nasogastric uses (pp. 40, 46) as context; kept in Chapter 3 with cross-references."
HEP,After Mid-Module Hepatology Extras (Hepatology),D-26,,discrepancy,23,Screening endoscopy in cirrhosis,"285, 313",Hepatology p. 61,review point,R34,R34: The same sentence is in GIT Internal Med p. 43 (verified); both sources cited.
HEP,After Mid-Module Hepatology Extras (Hepatology),D-27,,exclude,23,Definition/normal portal pressure,"309, 310",Hepatology p. 57,excluded by original handout,,"Covered; source itself uses 10-12 mmHg on p59, so not a firm discrepancy"
HEP,After Mid-Module Hepatology Extras (Hepatology),D-28,,exclude,23,Anatomy and main causes by site,"309, 310","Hepatology p. 57, 58",excluded by original handout,,Already covered (figure-only extras recorded separately)
HEP,After Mid-Module Hepatology Extras (Hepatology),D-29,,exclude,23,"Portosystemic collaterals, clinical picture, investigations","310, 311, 312, 313",Hepatology p. 59,excluded by original handout,,Already covered
HEP,After Mid-Module Hepatology Extras (Hepatology),D-30,,exclude,23,Ascites in portal hypertension,312,Hepatology p. 59,excluded by original handout,,Trivial
HEP,After Mid-Module Hepatology Extras (Hepatology),D-31,,exclude,23,Natural history; cACLD/CSPH concept,"285, 313",Hepatology p. 60,excluded by original handout,,Already covered
HEP,After Mid-Module Hepatology Extras (Hepatology),D-32,,exclude,23,Carvedilol; banding when NSBB contraindicated; banding mechanism,"313, 314",Hepatology p. 61,excluded by original handout,,Already covered
HEP,After Mid-Module Hepatology Extras (Hepatology),D-33,,exclude,23,NSBB in gastropathy/rebleeding,"313, 317",Hepatology p. 61,excluded by original handout,,Already covered
HEP,After Mid-Module Hepatology Extras (Hepatology),D-34,,exclude,23,Blood products for volume restoration,"314, 315",Hepatology p. 61,excluded by original handout,,Superseded by book's restrictive approach; transfusion target logged as discrepancy
HEP,After Mid-Module Hepatology Extras (Hepatology),D-35,,exclude,23,Urgent endoscopy aims; band ligation/sclerotherapy (ethanolamine oleate); 80% success,315,"Hepatology p. 61, 62",excluded by original handout,,Already covered
HEP,After Mid-Module Hepatology Extras (Hepatology),D-36,,exclude,23,"Vasoactive therapy role, octreotide when terlipressin contraindicated","315, 316",Hepatology p. 62,excluded by original handout,,Already covered
HEP,After Mid-Module Hepatology Extras (Hepatology),D-37,,exclude,23,Terlipressin and ischaemic heart disease,315,Hepatology p. 62,excluded by original handout,,source unclear (likely missing 'not'); book already cautions
HEP,After Mid-Module Hepatology Extras (Hepatology),D-38,,exclude,23,Additional measures; rebleed within 10 days; TIPS technique and encephalopathy risk,316,Hepatology p. 62,excluded by original handout,,Already covered
HEP,After Mid-Module Hepatology Extras (Hepatology),D-39,,exclude,23,"Secondary prophylaxis (EVL every 2 weeks, NSBB, shunts, transplant; 60-80% recurrence)","315, 316, 317",Hepatology p. 63,excluded by original handout,,Already covered
HEP,After Mid-Module Hepatology Extras (Hepatology),D-40,,exclude,23,"Portal pressure measurement (WHVP, PVPG, HVPG)",317,Hepatology p. 63,excluded by original handout,,Already covered
HEP,After Mid-Module Hepatology Extras (Hepatology),D-41,,exclude,17,"Liver microanatomy (sinusoid, Disse, stellate, Kupffer, acinus zones)",235,Hepatology p. 64,excluded by original handout,,Already covered (metabolic zonation logged separately)
HEP,After Mid-Module Hepatology Extras (Hepatology),D-42,,exclude,22,Causes of cirrhosis,"281, 307",Hepatology p. 65,excluded by original handout,,Already covered (cryptogenic logged separately)
HEP,After Mid-Module Hepatology Extras (Hepatology),D-43,,exclude,18,Features of hepatic failure,"237, 238",Hepatology p. 65,excluded by original handout,,Already covered (missing items logged separately)
HEP,After Mid-Module Hepatology Extras (Hepatology),D-44,,exclude,02,Ch 02 Esophagus check for varices,16,"Hepatology p. 57, 58, 59, 60, 61, 62, 63",excluded by original handout,,No earlier-chapter home; all variceal content belongs to Ch 23
HEP,After Mid-Module Hepatology Extras (Hepatology),E-01,,include,27,Ascites - relative frequency of causes,338,Hepatology p. 66,retained,E27.01,
HEP,After Mid-Module Hepatology Extras (Hepatology),E-02,,include,27,Ascites - causes classified by portal hypertension,338,Hepatology p. 66,retained,E27.02,
HEP,After Mid-Module Hepatology Extras (Hepatology),E-03,,exclude,27,Ascites - mechanistic causes A-E,338,"Hepatology p. 66, 67",excluded by original handout,,Already covered verbatim.
HEP,After Mid-Module Hepatology Extras (Hepatology),E-04,,include,27,Renin-angiotensin physiology (background to ascites pathogenesis),"338, 339","Hepatology p. 67, 68",retained,E27.03,
HEP,After Mid-Module Hepatology Extras (Hepatology),E-05,,include,27,Pathogenesis flow diagrams - common pathway ascites and HRS,"339, 346",Hepatology p. 68,retained,E27.03,
HEP,After Mid-Module Hepatology Extras (Hepatology),E-06,,exclude,27,Ascites pathogenesis - underfill/overfill theories; mechanisms list,"338, 339","Hepatology p. 68, 69",excluded by original handout,,Already covered.
HEP,After Mid-Module Hepatology Extras (Hepatology),E-07,,exclude,27,Ascites - grading and examination signs,339,Hepatology p. 69,excluded by original handout,,Already covered.
HEP,After Mid-Module Hepatology Extras (Hepatology),E-08,,include,27,"Ascites - imaging sensitivity (US, CT)",340,Hepatology p. 70,retained,E27.04,E27.04: Merged Hepatology E-08/E-09 with E-10 (detecting and tapping ascites).
HEP,After Mid-Module Hepatology Extras (Hepatology),E-09,,include,27,Diagnostic paracentesis - indications and technique,340,Hepatology p. 70,retained,E27.04,E27.04: Merged Hepatology E-08/E-09 with E-10 (detecting and tapping ascites).
HEP,After Mid-Module Hepatology Extras (Hepatology),E-10,,include,27,Ascitic fluid analysis - additional tests,340,Hepatology p. 70,retained,E27.04,E27.04: Merged Hepatology E-08/E-09 with E-10 (detecting and tapping ascites).
HEP,After Mid-Module Hepatology Extras (Hepatology),E-11,,include,27,SAAG - interpretation and accuracy,340,Hepatology p. 71,retained,E27.05,
HEP,After Mid-Module Hepatology Extras (Hepatology),E-12,,include,27,SAAG - extended differential (image table),340,Hepatology p. 71,retained,E27.05,
HEP,After Mid-Module Hepatology Extras (Hepatology),E-13,,exclude,27,"Differential diagnosis of ascites (TB, malignant, chylous, pericarditis, Budd-Chiari, ovarian)","340, 341","Hepatology p. 71, 72",excluded by original handout,,Already covered.
HEP,After Mid-Module Hepatology Extras (Hepatology),E-14,,include,27,Management of cirrhotic ascites - stepwise protocol box (image),341,Hepatology p. 72,retained,E27.06,"E27.06: Diuretic regimen reduced to what the book lacks (sodium intake, 4-day step, stop criteria); book pp. 341–342 already give bed rest, weight and spironolactone dose (audit B §5.1)."
HEP,After Mid-Module Hepatology Extras (Hepatology),E-15,,exclude,27,"Diuretics, response targets, complications limiting diuretics","341, 342",Hepatology p. 73,excluded by original handout,,Already covered.
HEP,After Mid-Module Hepatology Extras (Hepatology),E-16,,include,27,Refractory ascites - definition and subtypes,342,Hepatology p. 74,retained,E27.07,
HEP,After Mid-Module Hepatology Extras (Hepatology),E-17,,include,27,Refractory ascites - contributing conditions,342,Hepatology p. 74,retained,E27.07,
HEP,After Mid-Module Hepatology Extras (Hepatology),E-18,,include,27,Large-volume paracentesis - protocol,342,Hepatology p. 74,retained,E27.08,"E27.08: Added the book's albumin statement (8 g per litre removed, p. 342; also Hepatology p. 74) beside the large-volume paracentesis schedule (audit B S6)."
HEP,After Mid-Module Hepatology Extras (Hepatology),E-19,,include,27,Refractory ascites - peritoneovenous shunt,342,Hepatology p. 74,retained,E27.08,"E27.08: Added the book's albumin statement (8 g per litre removed, p. 342; also Hepatology p. 74) beside the large-volume paracentesis schedule (audit B S6)."
HEP,After Mid-Module Hepatology Extras (Hepatology),E-20,,include,27,TIPS in refractory ascites - effects and indications,"342, 316",Hepatology p. 74,retained,E27.08,"E27.08: Added the book's albumin statement (8 g per litre removed, p. 342; also Hepatology p. 74) beside the large-volume paracentesis schedule (audit B S6)."
HEP,After Mid-Module Hepatology Extras (Hepatology),E-21,,include,27,SBP - epidemiology,343,Hepatology p. 75,retained,E27.09,"E27.09: SBP 8% reworded with its exact denominator (spontaneous type, cirrhotics with ascites) and the 10% overall figure that book p. 343 and Hepatology p. 75 both give; checked: not a disagreement (audit B S3/N1)."
HEP,After Mid-Module Hepatology Extras (Hepatology),E-22,,include,27,SBP - microbiology and host factors,343,Hepatology p. 75,retained,E27.09,"E27.09: SBP 8% reworded with its exact denominator (spontaneous type, cirrhotics with ascites) and the 10% overall figure that book p. 343 and Hepatology p. 75 both give; checked: not a disagreement (audit B S3/N1)."
HEP,After Mid-Module Hepatology Extras (Hepatology),E-23,,include,27,SBP - pathogenesis flow diagram,343,Hepatology p. 76,retained,E27.10,
HEP,After Mid-Module Hepatology Extras (Hepatology),E-24,,include,27,SBP - risk groups and silent presentation,343,Hepatology p. 76,retained,"E27.09, E27.11","E27.09: SBP 8% reworded with its exact denominator (spontaneous type, cirrhotics with ascites) and the 10% overall figure that book p. 343 and Hepatology p. 75 both give; checked: not a disagreement (audit B S3/N1).; E27.11: Reduced to 'classic features may be absent': the rest is already on book p. 343."
HEP,After Mid-Module Hepatology Extras (Hepatology),E-25,,include,27,SBP prophylaxis in GI bleeding,344,Hepatology p. 76,retained,E27.12,
HEP,After Mid-Module Hepatology Extras (Hepatology),E-26,,include,27,SBP treatment - duration and alternatives,343,Hepatology p. 77,retained,E27.12,
HEP,After Mid-Module Hepatology Extras (Hepatology),E-27,,exclude,27,SBP - transplant indication and prognosis,343,Hepatology p. 77,excluded by original handout,,"Covered (only 'particularly if recurrent' extra, trivial). Note: source and book both carry the internal 20% vs 25% mortality figures; not a source-book discrepancy."
HEP,After Mid-Module Hepatology Extras (Hepatology),E-28,,include,28,HRS - definition details,346,Hepatology p. 78,retained,E28.01,"E28.01: Reduced to what the book lacks (normal renal function, cardiac dysfunction, tense ascites); the rest is on book p. 346."
HEP,After Mid-Module Hepatology Extras (Hepatology),E-29,,include,28,HRS - pathogenesis components and flow figure,346,Hepatology p. 78,retained,E28.01,"E28.01: Reduced to what the book lacks (normal renal function, cardiac dysfunction, tense ascites); the rest is on book p. 346."
HEP,After Mid-Module Hepatology Extras (Hepatology),E-30,,exclude,28,"AKI definition, AKI types, HRS-AKI/NAKI classification, HRS-AKI criteria","346, 347","Hepatology p. 78, 79",excluded by original handout,,Already covered.
HEP,After Mid-Module Hepatology Extras (Hepatology),E-31,,exclude,28,AKI staging,346,Hepatology p. 79,excluded by original handout,,Source itself does not list the 3 stages (truncated); nothing to add. Reviewer may wish to note both source and book leave this sentence incomplete.
HEP,After Mid-Module Hepatology Extras (Hepatology),E-32,,include,28,HRS - classic criteria with creatinine threshold (image table),"346, 347",Hepatology p. 79,retained,E28.02,
HEP,After Mid-Module Hepatology Extras (Hepatology),E-33,,include,28,HRS - differential diagnosis,"346, 347",Hepatology p. 79,retained,E28.02,
HEP,After Mid-Module Hepatology Extras (Hepatology),E-34,,exclude,28,"HRS treatment - terlipressin, albumin, noradrenaline, midodrine+octreotide, NGAL (text)",347,Hepatology p. 80,excluded by original handout,,Already covered.
HEP,After Mid-Module Hepatology Extras (Hepatology),E-35,,include,28,HRS prevention (image table),347,Hepatology p. 80,retained,E28.03,
HEP,After Mid-Module Hepatology Extras (Hepatology),E-36,,include (partial),28,HRS treatment - detailed dosing (image table),347,Hepatology p. 80,retained,E28.04,E28.04: Note that the terlipressin escalation and maintenance albumin rows are kept for review (R36).
HEP,After Mid-Module Hepatology Extras (Hepatology),E-37,,discrepancy,28,HRS treatment - terlipressin escalation and albumin dose,347,Hepatology p. 80,review point,R36,
HEP,After Mid-Module Hepatology Extras (Hepatology),F-01,,include,18,Bilirubin production: daily amount and sources,"245, 350, 392",Hepatology p. 81,retained,E18.08,
HEP,After Mid-Module Hepatology Extras (Hepatology),F-02,,include,18,"Hepatic processing of bilirubin: four steps, ligandin, canalicular secretion",245,"Hepatology p. 81, 82",retained,E18.09,
HEP,After Mid-Module Hepatology Extras (Hepatology),F-03,,include,18,Intestinal fate of conjugated bilirubin,245,Hepatology p. 82,retained,E18.10,E18.10: Merged Hepatology F-03/A-17 with A-18 (bilirubin and bile acids in the gut).
HEP,After Mid-Module Hepatology Extras (Hepatology),F-04,,discrepancy,18,Fate of reabsorbed urobilinogen (enterohepatic vs urinary),245,Hepatology p. 82,review point,R17,
HEP,After Mid-Module Hepatology Extras (Hepatology),F-05,,discrepancy,18,Mechanistic category of Gilbert's syndrome,"245, 350, 351","Hepatology p. 83, 84",review point,R18,
HEP,After Mid-Module Hepatology Extras (Hepatology),F-06,,include,29,Clinical/lab clues: biliary obstruction vs liver disease,"353, 354, 397, 398",Hepatology p. 87,retained,E29.03,
HEP,After Mid-Module Hepatology Extras (Hepatology),F-07,,include,18,Causes of isolated raised ALP,245,Hepatology p. 87,retained,E18.07,E18.07: Hepatology F-07 (isolated ALP causes) kept as its own entry.
HEP,After Mid-Module Hepatology Extras (Hepatology),F-08,,include,18,LFT grouping by function; 5'-nucleotidase,"238, 245",Hepatology p. 87,retained,E18.05,
HEP,After Mid-Module Hepatology Extras (Hepatology),F-09,,exclude,29,Ultrasound-led algorithm for proven cholestasis; jaundice algorithm,"241, 354, 394",Hepatology p. 87,excluded by original handout,,Already covered by Fig 29.1 and Ch 18/35 imaging text; the small cholestasis flowchart adds nothing material.
HEP,After Mid-Module Hepatology Extras (Hepatology),F-10,,include,29,Sites of intrahepatic cholestasis (figure),352,Hepatology p. 85,retained,E29.04,
HEP,After Mid-Module Hepatology Extras (Hepatology),F-11,,exclude,29,"Jaundice approach, Gilbert's, cholestasis definitions/classification/clinical/extra-hepatic effects/labs","350, 351, 352, 353, 354","Hepatology p. 83, 84, 85, 86, 87",excluded by original handout,,Already covered verbatim.
HEP,After Mid-Module Hepatology Extras (Hepatology),F-12,,include,30,"Ammonia sources, urea cycle and blood levels in HE",358,Hepatology p. 90,retained,E30.01,
HEP,After Mid-Module Hepatology Extras (Hepatology),F-13,,include,30,Amino acid imbalance and false neurotransmitters in HE,"358, 360",Hepatology p. 90,retained,E30.02,
HEP,After Mid-Module Hepatology Extras (Hepatology),F-14,,include,30,GABA in hepatic encephalopathy,358,Hepatology p. 90,retained,E30.03,
HEP,After Mid-Module Hepatology Extras (Hepatology),F-15,,merged,30,Sources and cerebral effects of raised ammonia (figure),358,Hepatology p. 90,retained,E30.01,
HEP,After Mid-Module Hepatology Extras (Hepatology),F-16,,include,30,Treatment strategies for HE,359,Hepatology p. 91,retained,E30.04,
HEP,After Mid-Module Hepatology Extras (Hepatology),F-17,,exclude,30,"HE definition, types, clinical features, precipitants, diet, antibiotics, lactulose, LOLA, levodopa, BCAA, transplant","356, 357, 358, 359, 360","Hepatology p. 88, 89, 91, 92",excluded by original handout,,"Already covered; diet discrepancy already annotated in book. Note: source and book both read rifaximin 'alters the intestinal flora with any systemic side effects' (likely intended 'without') - source unclear, not corrected here."
HEP,After Mid-Module Hepatology Extras (Hepatology),F-18,,include,31,Mechanism of cerebral oedema in ALF,363,Hepatology p. 94,retained,E31.01,
HEP,After Mid-Module Hepatology Extras (Hepatology),F-19,,exclude,31,"ALF definition, classification, causes, clinical features, diagnostic studies, management (neuro, ICP, infection, coagulopathy, haemodynamics, metabolic, NAC, transplant)","362, 363, 364, 365, 366","Hepatology p. 93, 94, 95, 96",excluded by original handout,,Already covered verbatim.
HEP,After Mid-Module Hepatology Extras (Hepatology),F-20,,exclude,29,Free bilirubin crossing to brain/placenta (figure),350,Hepatology p. 82,excluded by original handout,,Figure-only label with no explanatory statement in source; too thin to add without supplementing from memory.
