id,source_pages_hapatology,source_excerpt,topic,book_chapter,book_printed_pages,book_has,new_contribution,evidence_type,agent_decision,final_decision,reason,handout_location
A-01,1,"Yellowish discoloration of the skin, sclera & mucous membrane, bilirubin >3mg.",Jaundice threshold,29 Jaundice,"237, 350",p350: jaundice evident at plasma bilirubin 3 to 4 mg/dL,-,text,exclude,exclude,Covered (book gives 3-4 mg/dL; consistent).,
A-02,1,Palmar erythema: a persistent redness of the palms. Spider naevi: a small red marks on the skin caused by dilated blood vessels (capillaries),Skin signs of chronic liver disease: definitions,18 Liver Disease Assessment,"237, 238, 282","p282 lists spider naevi and palmar erythema; p238 'Skin and endocrine changes' without definitions; no definition found (searched: palmar, palmer, spider, erythema)",Palmar erythema is persistent redness of the palms; spider naevi are small red skin marks caused by dilated capillaries near the skin surface.,text,include,include,Book names the signs but never defines them; low priority.,Ch 18 · Symptoms and signs of chronic liver disease
A-03,1,"Liver is the site of synthesis of fibrinogen, factors II, V, VII, IX, XI, XII, and XIII.",Coagulation factors made by the liver,18 Liver Disease Assessment,"238, 246","p246: 'PT is dependent on normal hepatic synthesis of coagulation factors'; vitamin K-dependent II, VII, IX, X listed; no list of liver-synthesised factors (searched: fibrinogen, XIII, factor VIII, clotting factors)","The bleeding tendency of chronic liver disease reflects failed hepatic synthesis of fibrinogen and factors II, V, VII, IX, XI, XII and XIII.",text,include,include,Specific factor list absent from book.,Ch 18 · Symptoms and signs of chronic liver disease
A-04,2,"It is shown by flushed extremities, bounding pulses and capillary pulsations - Portal blood flow is increased. - The blood pressure is low.",Hyperdynamic circulation: signs and haemodynamics,18 Liver Disease Assessment,"237, 282","p237: heading 'Vasodilation and hyperdynamic circulation' with only CV alterations listed; p282: warm hands, high volume pulse, tachycardia; p363 reduced SVR (only for acute liver failure) (searched: flushed, bounding, capillary, portal blood flow, blood pressure, vascular resistance)","Hyperdynamic circulation in chronic liver disease shows flushed extremities, bounding pulses and capillary pulsations, with increased portal blood flow, low blood pressure and reduced systemic peripheral vascular resistance.",text,include,include,"Capillary pulsations, raised portal flow, low BP and reduced SVR in chronic liver disease not stated in Ch 18/22.",Ch 18 · Symptoms and signs of chronic liver disease
A-05,2,The substances might be 1) Formed by the sick hepatocyte. 2) Fail to be inactivated by it. 3) Bypass it through intra or extra-hepatic portal-systemic shunts.,Origin of vasodilators in chronic liver disease,18 Liver Disease Assessment,"237, 282, 338","p282: 'excess vasodilator materials (VDM)' without origin; p339 peripheral vasodilatation -> RAAS (searched: vasodilat, shunt, VDM)","The vasodilators are probably multiple and may be formed by the sick hepatocyte, escape inactivation by it, or bypass it through intra- or extra-hepatic portosystemic shunts; they activate the sympathetic and renin-angiotensin systems, promoting sodium/water retention and ascites.",text,include,include,Mechanism of VDM excess not given in book.,Ch 18 · Symptoms and signs of chronic liver disease
A-06,2,One of the implicated substances in that respect is Nitric Oxide ( NO)... NO is important in ascites formation and the hepato-renal syndrome and in portal hypertension.,Nitric oxide and prostanoids as vasodilators,18 Liver Disease Assessment,"237, 282, 339, 346","p346 mentions only decreased renal vasodilators (PGE2, NO) in HRS; NO as the systemic/splanchnic vasodilator of hyperdynamic circulation not found (searched: nitric, NO), prostanoid/prostaglandin not found","Nitric oxide, an endothelium-derived potent vasodilator, is implicated in the hyperdynamic circulation and is important in ascites formation, hepatorenal syndrome and portal hypertension; prostanoids released into the portal vein in chronic liver disease may also contribute to vasodilatation.",text,include,include,"Book gives NO only as a reduced renal vasodilator in HRS, not as the driver of systemic vasodilatation. Source lists 'Prostaglandins (E1, E2 and E12)' - 'E12' looks garbled, so the specific subtype list is left out.",Ch 18 · Symptoms and signs of chronic liver disease
A-07,2,[figure] Nitric oxide / Prostaglandin / Endocannabinoids -> Splanchnic vasodilation ... Increased cardiac output,"Vasodilator cycle figure: endocannabinoids, raised cardiac output",18 Liver Disease Assessment,"237, 339","not found (searched: endocannab, cardiac output [only ALF p363], intrahepatic resistance); book Fig 18.1 p237 is a pictorial of signs only","The figure lists endocannabinoids alongside nitric oxide and prostaglandins as splanchnic vasodilators, and shows raised cardiac output with raised intrahepatic resistance and portal blood flow in the cycle leading to ascites and hepatorenal syndrome.",image-figure,include,include,Image-only content; endocannabinoids and raised cardiac output in cirrhosis absent from book.,Ch 18 · Symptoms and signs of chronic liver disease
A-08,2,Is a condition of acute kidney injury seen in patient with advanced liver disease with normal kidney histology.,Hepatorenal syndrome definition,28 Renal Impairment in Cirrhosis,"237, 346","p346: HRS in cirrhosis, histology of kidney normal, full pathogenesis",-,text,exclude,exclude,Covered in more detail in Ch 28.,
A-09,3,Triphasic CT is the investigation of choice for the diagnosis of hepatocellular carcinoma.,"Imaging (US, Doppler, CT, MRI, MRCP, X-ray, Fibroscan, upper endoscopy)",18 Liver Disease Assessment,"239, 240, 241, 242",pp239-242 reproduce all statements incl. Fibroscan 80-95%,-,text,exclude,exclude,Covered verbatim.,
A-10,4,Contrast is injected into both systems and the patient is screened Radilogically.,"ERCP, EUS, PTC, liver biopsy",18 Liver Disease Assessment,"242, 243, 394, 395",pp242-243 reproduce all; ERCP/PTC also Ch 35 pp394-395,-,text,exclude,exclude,Covered verbatim.,
A-11,5,"Liver is the site of synthesis of albumin, all clotting factors (except factor VIII), carrier proteins (As ceruloplasmin, transferrin), cholesterol, bile salts and urea.",Synthetic and detoxification functions of the liver,18 Liver Disease Assessment,"238, 244","not found (searched: factor VIII, transferrin [only haemochromatosis], urea [only HE treatment], ammonia [HE only], synthesis)","The liver synthesises albumin, all clotting factors except factor VIII, carrier proteins such as ceruloplasmin and transferrin, cholesterol, bile salts and urea, and detoxifies ammonia and other toxic substances.",text,include,include,Framing statement for LFTs absent; 'all except factor VIII' is a useful exam point.,Ch 18 · Liver function tests
A-12,5,Reduction of serum albumin provide an excellent indicator of severity and prognosis of chronic liver disease.,Albumin as prognostic marker,18 Liver Disease Assessment,"238, 244, 286","p244 albumin half-life, decreased only in chronic disease with severe cell destruction; albumin is in Child-Pugh table p286 but prognostic statement not found (searched: albumin, prognosis)",A falling serum albumin is an excellent indicator of the severity and prognosis of chronic liver disease.,text,include,include,Explicit prognostic role not stated in Ch 18.,Ch 18 · Liver function tests
A-13,"5, 6","In liver cirrhosis, there is mild to moderate elevation of ALT and AST (2-5 folds). The rise of AST is more than ALT","Aminotransferases, ALT/AST ratio, immunoglobulins",18 Liver Disease Assessment,"238, 244",p244 reproduces verbatim incl. half-lives 17 h/47 h and polyclonal gammaglobulin,-,text,exclude,exclude,Covered verbatim.,
A-14,6,"In cholestasis (obstructive jaundice) and space occupying lesions in liver (As in cancer), there is marked elevation of these enzymes (more than 3 folds).",ALP/GGT in space-occupying lesions,18 Liver Disease Assessment,245,"p245: marked (>3-fold) elevation in cholestasis only; no mention of SOL (searched: space occupying, ALP, cancer)","ALP and GGT are also markedly raised (>3-fold) with space-occupying lesions of the liver such as cancer, not only in cholestasis.",text,include,include,SOL cause omitted in book's copy of same paragraph.,Ch 18 · Liver function tests
A-15,6,"The latter (ALP) is also elevated in non-hepatic disorders as bone diseases (rickets ,osteomalacia).",ALP in bone disease: examples,18 Liver Disease Assessment,245,p245: 'elevated in non-hepatic disorders as bone diseases' (no examples),Non-hepatic ALP rises occur in bone diseases such as rickets and osteomalacia.,text,include,include,Minor specificity; examples omitted in book.,Ch 18 · Liver function tests
A-16,6,Another enzyme called 5'nucleotidase is more specific for cholestasis than ALP but its use is not popular.,5'-nucleotidase,18 Liver Disease Assessment,245,not found (searched: nucleotidase),5'-nucleotidase is more specific for cholestasis than ALP but is not widely used.,text,include,include,Absent from book.,Ch 18 · Liver function tests
A-17,7,Due to deconjugate most of bilirubin by gut bacteria B-glucuronidases.,Bilirubin processing enzymes,18 Liver Disease Assessment,245,"p245: gut bacteria deconjugate bilirubin (enzyme not named); UDGT named only under Crigler-Najjar (searched: glucuronidase, glucuronosyl)","Conjugation of bilirubin to glucuronic acid is by UDP-glucuronosyl transferase, and gut bacterial beta-glucuronidases deconjugate it before conversion to urobilinogen.",text,include,include,Small mechanistic detail absent.,Ch 18 · Bilirubin and bile-acid metabolism
A-18,7,"Bile acids (cholic&chenodeoxy cholic acids) are derived from cholesterol and secreted in bile. Most of them are reabsorbed, especially in the ileum",Bile acids and enterohepatic circulation,18 Liver Disease Assessment,245,"not found (searched: cholic, chenodeoxy, bile acid, enterohepatic [only urobilinogen p245])","The primary bile acids, cholic and chenodeoxycholic acid, are made from cholesterol, secreted in bile, and mostly reabsorbed in the ileum and returned to the liver for re-secretion (enterohepatic circulation).",text,include,include,Absent from Ch 18 and Ch 34 search.,Ch 18 · Bilirubin and bile-acid metabolism
A-19,7,[figure] Unconjugated bilirubin transported with ligandin or Z protein; conjugated to glucuronic acid,Intrahepatic bilirubin carrier proteins,18 Liver Disease Assessment,"245, 392","not found (searched: ligandin, Z protein); Fig 35.3 p392 omits carriers","Within the hepatocyte, unconjugated bilirubin is carried by ligandin or Z protein before conjugation.",image-figure,include,include,Image-only detail from the source's bilirubin-metabolism diagram.,Ch 18 · Bilirubin and bile-acid metabolism
A-20,7,"Conjugated = direct bilirubin: water soluble, non toxic, and only loosely bound to albumin",Conjugated bilirubin non-toxic,18 Liver Disease Assessment,245,"p245: water soluble, loosely bound, excreted in urine ('non toxic' absent)",-,text,exclude,exclude,Trivial addition.,
A-21,8,Crigler-Najjar syndrome type 11: Partial deficiency of UGT. Bilirubin less than 20 mg/dl.,Crigler-Najjar type II,18 Liver Disease Assessment,"245, 350, 354","p245 describes only severe form (type 1, >20 mg/dl); p350/354 name 'Crigler-Najjar syndromes' without types (searched: Crigler, type II, type 2)","Crigler-Najjar type II is due to partial UGT deficiency, with bilirubin below 20 mg/dL (unlike type I, complete absence, >20 mg/dL).",text,include,include,Type II absent.,Ch 18 · Types of jaundice
A-22,8,"Dobin Jonson syndrome: hereditary disorder of bilirubin secretion, Liver is darkly pigmented. Rotor Syndrome: usually asymptomatic, Liver is not pigmented.",Dubin-Johnson vs Rotor,18 Liver Disease Assessment,"246, 350, 354","p246/p350 name Dubin-Johnson; Rotor only in Fig 29.1 p354; no pigmentation distinction (searched: Rotor, pigmented, Dubin)","Dubin-Johnson syndrome (hereditary defect of bilirubin secretion) has a darkly pigmented liver, whereas Rotor syndrome is usually asymptomatic with a non-pigmented liver.",text,include,include,Distinguishing feature absent.,Ch 18 · Types of jaundice
A-23,8,"Intrahepatic due to: hepatic malignancy or infiltration, primary biliary cirrhosis , biliary atresia, cholangitis and drugs (chlorpromazine and some steroids)",Causes of intra/extrahepatic cholestasis,29 Jaundice,"246, 352, 390","p352 lists PBC, PSC, drugs incl. chlorpromazine, steroids; p390 biliary atresia, cancer head of pancreas, LN compression",-,text,exclude,exclude,Covered across Ch 29/35.,
A-24,8,Gilbert syndrome... Bilirubin level is increased but rarely exceeds 5 mg/dl.,Gilbert syndrome,18 Liver Disease Assessment,"245, 351",p245 verbatim; p351 more detail,-,text,exclude,exclude,Covered.,
A-25,9,toxic hepatitis due to some drugs (halothan and paracetamol).,Drug causes of hepatic jaundice: halothane,29 Jaundice,"246, 351",p351 'Drug toxicity'; paracetamol covered in Ch 31; halothane not found (searched: halothan),Toxic hepatitis from drugs such as halothane and paracetamol causes mixed (hepatic) hyperbilirubinaemia.,text,include,include,Halothane not named anywhere in book; small addition.,Ch 29 · Approach
A-26,9,"Hemolysis:↑reticulocytes, increased LDH.",Hemolytic jaundice: LDH,18 Liver Disease Assessment,"245, 246","p246: evidence of hemolysis '↑reticulocytes' only; LDH only in pancreatitis (searched: LDH, lactate dehydrogenase)","In haemolytic jaundice, evidence of haemolysis includes raised reticulocytes and raised LDH.",text,include,include,LDH omitted.,Ch 18 · Types of jaundice
A-27,10,"[algorithm] Measure LDH, haptoglobin, reticulocyte count -> Abnormal: consider hemolysis, dyserythropoiesis; Normal: Gilbert's syndrome, Crigler-Najjar type I or II",Work-up of isolated indirect hyperbilirubinaemia,29 Jaundice,354,"Fig 29.1 p354: indirect branch lists drugs, inherited (Gilbert, Crigler-Najjar), hemolytic disorders, but no steps (searched: haptoglobin, hematoma, transfusion)","For isolated indirect hyperbilirubinaemia: fractionate bilirubin, check for recent trauma, haematoma or blood transfusion, then measure LDH, haptoglobin and reticulocyte count; abnormal results point to haemolysis/dyserythropoiesis, normal results to Gilbert or Crigler-Najjar I/II.",image-figure,include,include,Stepwise tests are image-only in source and absent from book algorithm.,Ch 29 · Approach
A-28,9,"Increase cholesterol and B lipoproteins. Pruritus, itching and skin xanthoma are common",Obstructive jaundice: lipids,18 Liver Disease Assessment,"246, 353","p246 'Increase cholesterol'; p353 itching, xanthomas; beta-lipoproteins not found (searched: lipoprotein)",Obstructive jaundice raises serum cholesterol and beta-lipoproteins.,text,include,include,Beta-lipoprotein detail only; rest covered.,Ch 18 · Types of jaundice
A-29,"9, 10",Urine bile salts: absent / Present / Present ... Stool color: Dark / Clay / Clay,Three-way comparison of jaundice types,18 Liver Disease Assessment,"245, 246","pp245-246 describe each type in prose; no comparison table; hepatic-jaundice stool colour and urine bile salts in hemolytic/hepatic not stated (searched: clay, bile salts)","Comparison table: haemolytic jaundice - raised indirect bilirubin, raised urobilinogen, no urine bilirubin or bile salts, normal urine, dark stool; obstructive - raised direct, low urobilinogen, urine bilirubin and bile salts present, dark urine, clay stool; hepatic - both raised, urobilinogen up early then down, urine bilirubin and bile salts present, dark urine, clay stool.",image-table,include,include,Book has no side-by-side table; the hepatic-jaundice stool and bile-salt cells are new.,Ch 18 · Types of jaundice
A-30,10,"PT is dependent on normal hepatic synthesis of coagulation factors (I, II,V,VII and X).",Factors measured by PT,18 Liver Disease Assessment,246,"p246: 'coagulation factors' (unspecified) plus vit K-dependent II, VII, IX, X","PT depends on hepatic synthesis of factors I, II, V, VII and X.",text,include,include,Specific list absent.,Ch 18 · Liver function tests
A-31,10,Because these factors have a shorter half life than albumin PT may be an earlier indicator of severe liver injury than albumin,PT vs albumin as marker,18 Liver Disease Assessment,"244, 246","not found (searched: shorter half, earlier indicator, PT prognosis)","Because clotting factors have a shorter half-life than albumin, PT is an earlier indicator of severe liver injury than albumin and helps assess severity and prognosis of chronic liver disease.",text,include,include,Absent.,Ch 18 · Liver function tests
A-32,10,"re-assay of PT after parenteral injection of Vit K, if it is normalize this indicate cholestasis and not decrease liver synthesis",Vitamin K correction test,18 Liver Disease Assessment,"246, 249, 392",p246 PT normalises after parenteral vit K; p249 cirrhosis PT not corrected,-,text,exclude,exclude,Covered.,
A-33,10,"[Table 17.4] Dilated ducts/mechanical obstruction (extrahepatic): Gallstones, Pancreatic carcinoma, Pancreatic duct stricture, Cholangiocarcinoma, Parasite infections",Dilated vs undilated duct causes,29 Jaundice,"352, 390, 391","p352 extra/intrahepatic lists; p390-391 causes incl. parasites, cholangiocarcinoma, cancer pancreas",-,image-table,exclude,exclude,Covered in substance (image table).,
A-34,11,"In primary biliary cirrhosis, raised AMA.",Serum immunoglobulins in PBC,18 Liver Disease Assessment,239,"p239: under 'Serum immunoglobulins': 'In primary biliary cirrhosis, raised IgM.'","In the same immunoglobulin list, the source says PBC shows 'raised AMA' whereas the book says 'raised IgM'.",text,discrepancy,discrepancy,"Same slot, different entity (source HAP 11 vs book p239). Both texts give AMA 95% under autoantibodies.",
A-35,11,"α-Fetoprotein: increased in hepatocellular carcinoma , slightly raised in patients with hepatitis and chronic liver disease.","Additional blood tests (viral markers, AFP, A1AT, autoantibodies, HFE)",18 Liver Disease Assessment,239,p239 reproduces verbatim,-,text,exclude,exclude,Covered.,
A-36,12,"ATP7B mediates the transfer of copper to apoceruloplasmin to form a six-copper binding protein known as ceruloplasmin, which is an α2-globulin.",Ceruloplasmin structure,22 Liver Cirrhosis,"294, 295","p294: copper incorporated into ceruloplasmin (structure not given) (searched: α2, globulin, six)",Ceruloplasmin is an alpha2-globulin formed when ATP7B transfers six copper atoms to apoceruloplasmin; ATP7B also mediates biliary copper excretion.,text,include,include,Six-copper/alpha2-globulin detail absent.,Ch 22 · Cholestatic and metabolic cirrhosis
A-37,12,Around 50%-75% of intestinal copper is absorbed and then transported to the hepatocytes.,Copper absorption fraction,22 Liver Cirrhosis,294,"p294: absorbed mainly from stomach and proximal small intestine, transported bound to albumin (no fraction)",Around 50-75% of intestinal copper is absorbed and transported to the hepatocytes.,text,include,include,Quantitative detail absent.,Ch 22 · Cholestatic and metabolic cirrhosis
A-38,12,"The genetic defect, localized to chromosome 13, has been shown to affect the copper-transporting adenosine triphosphatase (ATPase) gene (ATP7B)",Wilson disease genetics/pathophysiology,22 Liver Cirrhosis,"294, 295","p294-295: AR, ATP7B chr 13, impaired incorporation and biliary excretion, spread to other organs",-,text,exclude,exclude,Covered.,
A-39,12,"They include tremors, difficulty speaking and swallowing, in-coordination, involuntary jerky movements (chorea), personality changes, and even psychosis (such as schizophrenia or manic-depressive illness).",Wilson psychiatric features: psychosis,22 Liver Cirrhosis,295,"p295 psychiatric: personality changes, depression, anxiety, behavioural disturbances, cognitive impairment; psychosis not found (searched: psychosis, schizophren, manic)",Psychiatric involvement in Wilson disease can extend to psychosis resembling schizophrenia or manic-depressive illness.,text,include,include,Psychosis absent from book list.,Ch 22 · Cholestatic and metabolic cirrhosis
A-40,12,The first symptoms result from brain damage.,Wilson: first symptoms neurological,22 Liver Cirrhosis,295,"p295: presents 5-35 y; hepatic, neurological, psychiatric manifestations listed without order",-,text,exclude,exclude,"Source unclear: stated as universal, conflicts with the common hepatic presentation that the book also lists; not added.",
A-41,13,"Gold or greenish gold rings (Kayser-Fleischer rings) may appear around the irises... or the corneo-scleral junction... In a few people, these rings are the first sign",Kayser-Fleischer ring appearance,22 Liver Cirrhosis,"295, 296","p295: copper in Descemet's membrane, slit-lamp, present in nearly all with neurological disease; colour/site/first-sign not found (searched: golden, greenish, first sign)",Kayser-Fleischer rings are gold or greenish-gold (also golden-brown/brownish-green) rings at the corneoscleral junction around the iris; in a few people they are the first sign of Wilson disease.,text,include,include,Descriptive details absent.,Ch 22 · Cholestatic and metabolic cirrhosis
A-42,13,Hemolytic anemia due to the toxic effect of copper on red blood cells.,Wilson haemolysis mechanism,22 Liver Cirrhosis,295,p295: 'Coombs-negative hemolytic anemia' (mechanism not given),The haemolytic anaemia of Wilson disease is due to the toxic effect of copper on red cells.,text,include,include,Mechanism absent; small.,Ch 22 · Cholestatic and metabolic cirrhosis
A-43,13,Serum ceruloplasmin (normally 20 to 35 mg/dL is usually low in Wilson disease.,Ceruloplasmin normal range,22 Liver Cirrhosis,"250, 296",p250: usually low; p296: low (usually <20 mg/dL); normal range not given,Normal serum ceruloplasmin is 20-35 mg/dL.,text,include,include,Reference range absent (consistent with book cut-off <20).,Ch 22 · Cholestatic and metabolic cirrhosis
A-44,13,A diagnosis of Wilson disease is established if the hepatic copper concentration is ≥250 mcg/g dry weight.,"Wilson diagnostic tests (slit lamp, urinary copper, biopsy, serum copper)",18 Liver Disease Assessment,"250, 296, 297",p250 reproduces verbatim (≥250); p297 states '>250 μg/g' (book internally uses both ≥ and >),-,text,exclude,exclude,"Covered; the only difference is book-internal (≥ vs >), not source vs book.",
A-45,1,Patients with decompensated cirrhosis show a continuous low-grade fever which rarely exceeds 38°C.,"General symptoms: fatigability, fever, encephalopathy, endocrine",18 Liver Disease Assessment,"237, 238, 282",p237-238 reproduce; p282 gynecomastia/hypogonadism,-,text,exclude,exclude,Covered.,
B1-01,14,Acute viral hepatitis usually resolve 4 to 8 weeks after symptom onset.,Acute viral hepatitis - expected time to resolution,18 Liver Disease Assessment,"246, 247, 257","p257: icteric stage 2-4 weeks; 'Clinical & biochemical recovery is usual within 6 months'. Not found: 4-8 weeks (searched: '4 to 8 weeks', 'resolve', 'resolution', convalescen)",In the convalescent stage symptoms and icterus resolve and liver enzymes decline to normal; acute viral hepatitis usually resolves 4-8 weeks after symptom onset.,text,include,include,Specific time frame absent; complements book's 6-month upper limit.,Ch 19 · Course and prognosis
B1-02,14,"The most important indicator of prognosis in acute viral hepatitis is impairment in synthetic function, with PT a widely accepted indicator.",Follow-up / prognostic markers in acute hepatitis,18 Liver Disease Assessment,"246, 247, 252","p247/p252: 'PT is prolonged in severe cases'. Not found: PT as main prognostic indicator or 3-second threshold (searched: prognosis, synthetic, prothrombin, INR, '3 seconds', cytosolic); Ch 31 (361-366) has no PT threshold","In acute viral hepatitis the extent of injury is judged by impaired liver function rather than the level of cytosolic enzymes (ALT/AST); PT is the key prognostic indicator, and a PT more than 3 seconds above normal is associated with a poor prognosis.",text,include,include,Prognostic principle and numeric PT threshold absent from book.,Ch 19 · Course and prognosis
B1-03,14,"With hepatitis B and C, cytosolic enzyme activities may return to normal even if viral replication persists; Serologic tests are the only reliable means",Documenting recovery of HBV/HCV,18 Liver Disease Assessment,"247, 248, 259","not found (searched: resolution, 'return to normal', persist, cytosolic). p253 says for HAV liver biochemistry must be followed to normal.","In hepatitis B and C, normalisation of ALT/AST does not prove recovery because viral replication may persist; clearance of infection must be documented serologically (virological markers).",text,include,include,Clinically important interpretive caveat absent.,Ch 18 · Viral hepatitis markers
B1-04,"15, 24",PCR of feces to detect HAV. Can detect illness earlier than serology but is very rarely performed.,HAV direct detection,18 Liver Disease Assessment,"247, 253","p247 and p253: HAV diagnosis only by IgM/IgG/total antibody; Fig 19.1 shows HAV in stool. Not found: HAV PCR (searched: 'PCR', 'feces', 'stool', HAV RNA)",HAV can be detected directly by PCR on faeces; this detects infection earlier than serology but is very rarely performed.,text,include,include,Diagnostic modality not mentioned for HAV in book.,Ch 18 · Viral hepatitis markers
B1-05,15,"IgG provides long-term immunity (protection), whether due to a prior infection by the virus or due to vaccination.",HAV IgG - vaccine vs natural immunity,18 Liver Disease Assessment,"247, 259","p247: IgG present for rest of life; p259: 'HAV IgG: indicates old infection and immunity'. Vaccine-induced IgG not stated (searched: immunity, vaccination, long-term)","HAV IgG gives long-term protection whether it follows natural infection or vaccination, so a positive total anti-HAV can be used to confirm long-term immunity and decide whether vaccination is needed.",text,include,exclude,Minor increment: vaccine-derived IgG and use of total Ab to confirm immunity. Low priority. | Central review: low yield (vaccine-derived IgG immunity implied by book p259).,
B1-06,16,"Present in all body fluids except stool, so spread is by blood or body fluid contact.",HBV - infectious body fluids,19 Acute Hepatitis,"247, 255","p247/p255: parenteral, sexual, perinatal/vertical, household articles. Not found (searched: 'body fluid', saliva, semen, stool)","HBV is present in all body fluids except stool, so spread is by contact with blood or body fluids (it is not faeco-orally transmitted).",text,include,include,Transmission rationale absent.,Ch 19 · Virology and transmission
B1-07,17,"Usually denotes resolving acute infection, but the infection is not completely resolved because HBsAb has not yet detected.",HBV window period - interpretation,18 Liver Disease Assessment,248,"p248: defines window period and that anti-HBc is the only positive marker. Interpretation not found (searched: window, resolving)","An isolated anti-HBc (HBsAg negative, anti-HBs negative) in the window period usually indicates a resolving acute infection that is not yet completely resolved, because anti-HBs has not yet appeared.",text,include,include,Adds clinical meaning of window-period serology.,Ch 18 · Viral hepatitis markers
B1-08,17,HBsAg negative ... Susceptible; ... Immune due to natural infection; ... Immune due to hepatitis B vaccination; ... Acutely infected; ... Chronically infected,HBV serology interpretation table,18 Liver Disease Assessment,"247, 248, 259","p248 text: natural immunity = anti-HBs + anti-HBc; vaccine = anti-HBs only; p259: HBc IgM in acute phase & severe chronic hepatitis. No tabulated panel for susceptible/acute/chronic (checked bookimg p247-249, p255, p259)","HBV panel interpretation: all negative = susceptible; HBsAg+, anti-HBc+, IgM anti-HBc+, anti-HBs- = acute infection; HBsAg+, anti-HBc+, IgM anti-HBc-, anti-HBs- = chronic infection; HBsAg-, anti-HBc+, anti-HBs+ = immune after natural infection; only anti-HBs+ = vaccine immunity.",image-table,include,include,Source image table gives a ready decision panel; book has only parts in prose (susceptible and acute/chronic patterns absent).,Ch 18 · Viral hepatitis markers
B1-09,17,Table 1. Interpretation of hepatitis B markers ... Acute infection ... Chronic infection ... Past infection ... ALT increased (marked) increased (mild-moderate) normal,HBV markers: acute vs chronic vs past,18 Liver Disease Assessment,"248, 259","Not found as a comparison (searched: past infection, anti-HBc IgG, ALT). p250 lists chronic HBV markers.","Acute HBV: HBsAg+, HBeAg+ early then -, IgM anti-HBc+, anti-HBe - early then +, HBV DNA + early then -, marked ALT rise; chronic: HBsAg+, IgG anti-HBc+, HBeAg/anti-HBe/HBV DNA +/-, mild-moderate ALT rise; past infection: anti-HBs+, IgG anti-HBc+, anti-HBe+, HBsAg-, HBV DNA-, normal ALT.",image-table,include,include,"Image table (small, low-res but legible at 110 dpi) adds a side-by-side comparison absent from book; verify cell values on the render before use.",Ch 18 · Viral hepatitis markers
B1-10,17,It can: ... 2- Distinguish active from inactive HBV infection. 3- Monitor a patient's response to anti-HBV therapy.,HBV DNA PCR uses,18 Liver Disease Assessment,"248, 266, 267","p248: PCR monitors replication and response to treatment, detects early infection; Ch 20 p266-267 uses HBV DNA thresholds to separate phases.",-,text,exclude,exclude,Already covered (p248 + Ch 20 phase table).,
B1-11,18,"It is an Enveloped, single stranded-RNA flavivirus. ... Most common cause of transfusion associated hepatitis; sexual transmission is low.",HCV - transfusion-associated hepatitis,19 Acute Hepatitis,"248, 256","p256: flaviviridae, mainly parenteral, low sexual/vertical. Not found: 'transfusion associated', enveloped (searched: transfusion, envelop)",HCV (an enveloped single-stranded RNA flavivirus) is the most common cause of transfusion-associated hepatitis; sexual transmission is low.,text,include,include,Epidemiological fact absent.,Ch 19 · Virology and transmission
B1-12,18,False positive results could be present due to for example: cross reactivity ... False negative results are seen in those with immunodeficiency.,HCV antibody - false positive/negative,20 Chronic Hepatitis B,"248, 272","p272: 'HCV antibody alone is NOT diagnostic of active infection'; p249 PCR for early diagnosis. Not found: false positive cross-reactivity, false negative in immunodeficiency (searched: false, cross, immunodeficien, seroconversion, confirm)","A positive anti-HCV may be a false positive (e.g. cross-reactivity from another infection) and must be confirmed by HCV RNA PCR; a negative anti-HCV does not exclude HCV, since false negatives occur in immunodeficiency and in very early infection before seroconversion, when PCR is needed.",text,include,include,Specific causes of false results absent.,Ch 18 · Viral hepatitis markers
B1-13,18,Anti HCV IgM can not therefore serve as a diagnostic marker of acute HCV infection.,HCV IgM - not diagnostic,18 Liver Disease Assessment,"248, 249","not found (searched: 'IgM' with HCV, anti-HCV IgM)","Unlike HAV and HBV, anti-HCV IgM is not a marker of acute infection: it rarely precedes IgG and may be absent, late or persistent (seen in both acute and chronic phases); acute HCV is diagnosed by HCV RNA PCR.",text,include,include,Useful contrast with other viruses; absent.,Ch 18 · Viral hepatitis markers
B1-14,19,Cause infection only when it is encapsulated with HBsAg.,HDV - dependence on HBsAg,19 Acute Hepatitis,"249, 255","p249/p255: 'defective', 'unable to replicate on its own but is activated in the presence of HBV'. Mechanism (HBsAg coat) not found (searched: encapsulat, coat, envelope)","HDV causes infection only when it is encapsulated with HBsAg, which is why it depends on HBV.",text,include,include,Mechanism behind HBV dependence absent.,Ch 19 · Virology and transmission
B1-15,19,Genotypes 1 and 2 usually cause waterborne outbreaks ... Genotypes 3 and 4 typically cause sporadic cases rather than outbreaks.,HEV genotypes and transmission,19 Acute Hepatitis,"249, 254","p254: enteric, contaminated water, epidemics in developing countries, sporadic in developed countries with farm-animal contact. Not found: genotypes, pork/meat, unenveloped (searched: genotype, pork, meat, enveloped)","HEV (unenveloped ssRNA) has 4 genotypes: genotypes 1 and 2 cause waterborne outbreaks from faecal contamination of water, genotypes 3 and 4 cause sporadic cases; transmission can also be by eating uncooked or undercooked meat such as pork.",text,include,include,Genotype-epidemiology link and food-borne route absent.,Ch 19 · Virology and transmission
B1-16,19,"few reports document chronic genotype 3 hepatitis E exclusively in immunocompromised patients (including organ-transplant recipients, patients receiving cancer chemotherapy, and HIV-infected patients).",HEV chronicity in immunocompromised,19 Acute Hepatitis,"249, 254, 258",p249: 'It never causes chronicity'; p254/p258: except some immunosuppressed solid-organ transplant recipients.,"Chronic hepatitis E is due to genotype 3 and occurs only in immunocompromised patients: organ-transplant recipients, patients on cancer chemotherapy and HIV-infected patients.",text,include,include,"More specific (genotype, chemotherapy, HIV) than book's transplant-only statement.",Ch 19 · Virology and transmission
B1-17,19,"Primarily in adults,, rare in children",HEV age distribution,19 Acute Hepatitis,"249, 254","not found (searched: adults, children with HEV)",Hepatitis E affects primarily adults and is rare in children.,text,include,include,"Small epidemiological contrast with HAV (children/young adults, p252).",Ch 19 · Virology and transmission
B1-18,20,Mode of transmission is parenteral by contaminated blood or blood products. Its prevalence in blood donors is rare (1%).,Hepatitis G,18 Liver Disease Assessment,249,"p249: ssRNA, parenteral, recovery, chronicity very rare. Not found: blood products, 1% donors (searched: 'Hepatitis G', HGV, blood donor)",Hepatitis G is transmitted by contaminated blood or blood products; its prevalence in blood donors is about 1%.,text,include,include,Minor detail; low priority.,Ch 19 · Virology and transmission
B1-19,20,Marked elevation of GGT and ALP. Bilirubin may be normal (partial obstruction allows passage of bilirubin and stimulates synthesis of ALP and GGT).,Hepatic infiltration / space-occupying lesions - lab pattern,18 Liver Disease Assessment,"245, 246, 249","not found (searched: infiltrat, 'space occupying', secondar, metasta, CEA; checked Ch 26 HCC 332-336 for ALP/GGT pattern)","In hepatic infiltration by space-occupying lesions (primary or secondary tumours, cysts, lymph nodes) ALP and GGT are markedly raised while bilirubin may be normal, because partial obstruction lets bilirubin pass yet stimulates ALP/GGT synthesis; AST/ALT are normal or slightly raised (AST>ALT); AFP rises in HCC and CEA in GIT cancer with liver secondaries.",text,include,include,Whole lab pattern absent from book.,Ch 18 · Liver function tests
B1-20,20,Laboratory findings of liver cirrhosis: Albumin is low and gamma globulin is high with reversed A/G ratio,Lab findings of cirrhosis,18 Liver Disease Assessment,249,"p249: reproduced essentially verbatim (albumin, AST>ALT, ALP, GGT, PT, platelets/thrombopoietin, SPE beta-gamma bridge, AFP).",-,text,exclude,exclude,Already covered.,
B1-21,21,Laboratory findings of chronic hepatitis • Albumin is low and gamma globulin is high (IgG mainly).,Chronic hepatitis definition and labs,18 Liver Disease Assessment,"249, 250","p249-250: definition (>=6 months), causes, lab findings, AIH type 1/2 autoantibodies reproduced verbatim.",-,text,exclude,exclude,Already covered.,
B1-22,21,Differentiation between most common types of chronic hepatitis ... Sex Female Male Equal ... Risk of cancer Low High High,AIH vs HBV vs HCV chronic hepatitis table,18 Liver Disease Assessment,"250, 275","p250: autoantibodies low titre in viral; p275: AIH females 70%, 15-25 years. Comparison table not found (checked bookimg p250; searched: 'Risk of cancer', 'Autoimmune diseases', Male)","Chronic hepatitis comparison: AIH - female, 15-25 years, frequent associated autoimmune disease, high-titre ANA/ASMA/LKM, low cancer risk; HBV - male, older, HBsAg+, autoimmune disease rare, low/absent autoantibodies, high cancer risk; HCV - both sexes equally, all ages, anti-HCV+, autoimmune disease occasional, low/absent autoantibodies, high cancer risk.",text,include,include,Comparative table absent; sex/age/cancer-risk contrasts are new.,Ch 18 · Viral hepatitis markers
B1-23,22,"TABLE 10.2 Autoimmune Hepatitis Subtypes ... ANA alone, 10% ASMA alone, 35% Both positive, 50% Both negative, 5% ... Progression to cirrhosis (approximate %) 45 80","AIH subtypes - antibody profile, IgG, cirrhosis",21 Autoimmune Hepatitis,275,"p275: type 1 ANA/ASMA, type 2 LKM-1/LC-1; IgG >1.5x ULN; plasma-cell-rich interface hepatitis. Not found: antibody-combination percentages, IgG by type, progression to cirrhosis 45%/80% (searched: 45, 80%, cirrhosis in Ch 21)","Type 1 AIH: ANA alone 10%, ASMA alone 35%, both 50%, both negative 5%; IgG markedly raised (+++); approximate progression to cirrhosis 45%. Type 2 AIH: LKM-1 and LC-1, IgG less raised (+), paediatric (2-18 years), progression to cirrhosis about 80%; both show hepatitis with prominent plasma cells.",image-table,include,include,Image table content absent from book.,Ch 21 · AIH subtypes
B1-24,22,Approximate frequency 95% 5%,AIH type 1 frequency,21 Autoimmune Hepatitis,275,p275: Type 1 'accounts for approximately 80-90% of cases'.,Source image table gives type 1 AIH approximate frequency 95% (type 2 5%); book p275 gives 80-90%.,image-table,discrepancy,discrepancy,Different figures for the same point; not adjudicated.,
B1-25,22,Serum Protein Electrophoresis--Normal Pattern ... CIRRHOSIS,SPE figures,18 Liver Disease Assessment,249,p249: SPE polyclonal gamma rise with beta-gamma bridge described in text.,-,image-figure,exclude,exclude,Figure illustrates text already in book; optional figure only.,
B1-26,22,QUIZ exam 1- Which of the following is associated with conjugated hyperbilirubinemia?,Quiz items,18 Liver Disease Assessment,"245, 246","p245-246: Gilbert, Crigler-Najjar, Dubin-Johnson, cholestasis covered.",-,text,exclude,exclude,Quiz questions; no unique fact.,
B1-27,14,Marked elevation(10-100 times) of ALT and AST and ALT/AST ratio>1 due to slower clearance of ALT.,Pre-icteric/icteric stage labs of acute viral hepatitis,18 Liver Disease Assessment,"244, 246, 247","p244 (ALT half-life, slower clearance), p246-247 (pre-icteric and icteric findings) verbatim.",-,text,exclude,exclude,Already covered.,
B1-28,"15, 16, 17",Hepatitis B core antibody (HBcAb or anti-HBc): Appears at the onset of symptoms in acute hepatitis B and persists for life.,HAV/HBV serological markers (general),18 Liver Disease Assessment,"247, 248","p247-248: HAV IgM/IgG/total, HBsAg, anti-HBs, anti-HBc total/IgM, HBeAg, anti-HBe, HBV DNA verbatim.",-,text,exclude,exclude,Already covered.,
B1-29,23,Acute damage of the liver cells can be caused by several agents,Causes of acute hepatitis / etiology,19 Acute Hepatitis,252,p252 verbatim.,-,text,exclude,exclude,Already covered.,
B1-30,"23, 24, 25",The disease is maximally infectious just before the onset of jaundice.,"Hepatitis A (epidemiology, labs, course, prevention, vaccine)",19 Acute Hepatitis,"252, 253, 254",p252-254 verbatim incl. Fig 19.1.,-,text,exclude,exclude,Already covered.,
B1-31,25,"It has mortality from fulminant hepatic failure of 1-2%, which rises to 20% in pregnant women",Hepatitis E (Ch 19 section),19 Acute Hepatitis,254,p254 verbatim.,-,text,exclude,exclude,Already covered.,
B1-32,"26, 27",HCV has at least 8 major genotypes. Genotype 4 is the most prevalent in Egypt .,HBV/HDV/HCV virology and course (Ch 19 section),19 Acute Hepatitis,"254, 255, 256, 257","p254-257 verbatim incl. Fig 19.2-19.5 (HBV structure, HBV serology, HCV genome, HCV serology).",-,text,exclude,exclude,Already covered.,
B1-33,28,HDV super-infection causes chronic hepatitis in about 70%.,Clinical picture and sequelae of viral hepatitis,19 Acute Hepatitis,257,p257 verbatim.,-,text,exclude,exclude,Already covered.,
B1-34,"29, 30, 31",Centrizonal necrosis & cholestasis are most marked in zone 3.,"Characteristics table, pathology, investigations, viral markers",19 Acute Hepatitis,"258, 259",p258-259 verbatim (book table adds a transmission row).,-,text,exclude,exclude,Already covered.,
B1-35,31,Rest: Bed rest is mandatory until the patient is free of jaundice & free of symptoms and the bilirubin is less than 1.5mg/dl.,Rest in acute viral hepatitis,19 Acute Hepatitis,"253, 259","p259 Treatment (acute attack): 'Normal activity as tolerated, patient should be adequately hydrated...'; p253 (HAV): 'rest and dietary measures are unhelpful'.",Source (HAP 31) states bed rest is mandatory until jaundice and symptoms clear and bilirubin <1.5 mg/dl; book p259 advises normal activity as tolerated.,text,discrepancy,discrepancy,"Same point, opposing advice; the source itself also says rest is unhelpful for HAV (HAP 24). Not adjudicated.",
B1-36,31,HBV: Pre-exposure HBV recombinant vaccines (or Plasma derived ) are both effective & safe.,"Prevention (HAV/HEV/HBV vaccine, HBIG, HCV)",19 Acute Hepatitis,"259, 260",p259-260 verbatim.,-,text,exclude,exclude,Already covered.,
B1-37,"32, 33","Unlike hepatitis viruses A, B, C, D and E, herpes viruses are not hepatotropic",Herpes/EBV/CMV/HSV hepatitis,19 Acute Hepatitis,"260, 261",p260-261 verbatim.,-,text,exclude,exclude,Already covered.,
B1-38,"18, 31",HCV-Ab test is usually positive within 2-5 months after infection.,HCV antibody timing (internal inconsistency),18 Liver Disease Assessment,"249, 259",Book repeats both source values: p248-249 '2-5 months' and p259 '6-8 weeks'.,-,text,exclude,exclude,Source-internal inconsistency (HAP 18 vs HAP 31) mirrored in book; not a source-vs-book discrepancy. Flag for editor.,
B2-01,34,"In the severe form, the fibrous septa extend inside the lobule to form rosette formation and bridging fibrosis.",Chronic hepatitis pathology (severe form),19 Acute Hepatitis,263,"Advanced disease: extensive interface hepatitis, confluent necrosis, bridging fibrosis, regenerative nodules, cirrhosis (p263); no mention of rosettes (searched: rosette)","In severe chronic hepatitis, fibrous septa extend into the lobule producing rosette formation along with bridging fibrosis.",text,include,include,Rosette formation is a histological descriptor absent from the book; minor addition.,Ch 19 · Chronic hepatitis
B2-02,34,The Metavir Score helps interpretation of the liver biopsy... Activity score scales from A0 (no activity) to A3... F0 (no fibrosis) to F4 (cirrhosis).,"Chronic hepatitis definition, etiology, pathology, METAVIR",19 Acute Hepatitis,"262, 263","Definition >6 months, etiology list incl. methyldopa/isoniazid/methotrexate/nitrofurantoin, interface (piecemeal) hepatitis, METAVIR A0–A3/F0–F4 fully covered (p262–263)",,text,exclude,exclude,Already covered (book is more detailed).,
B2-03,35,"Its overall prevalence in Egypt is 5%, mainly genotype D.",HBV prevalence in Egypt,20 Chronic Hepatitis B,265,'In Egypt ... currently estimated to be below 2% in the general population. HBV genotype D is the predominant genotype' (p265),Source gives Egyptian HBV prevalence as 5%; book gives <2%.,text,discrepancy,discrepancy,Different prevalence figures for the same point (book notes decline after 1992 vaccination).,
B2-04,35,This occurs more readily with neonates (90%) or children (20-50% below the age of 5 years) than when HBV is acquired in adult life (<10%).,Age-dependent chronicity of HBV,20 Chronic Hepatitis B,"265, 248","Neonates ~90%, children <5 y 20–30%, adults <5% (p265); acute hepatitis chapter says chronic hepatitis in 5–10% (p248)","Source: children <5 y 20–50%, adults <10%; book: children 20–30%, adults <5%.",text,discrepancy,discrepancy,Numeric mismatch for children and adult chronicity rates.,
B2-05,35,More common in males.,Sex distribution of chronic HBV,20 Chronic Hepatitis B,265,"not found (searched: males, male, sex in Ch 20)",Chronic hepatitis B is more common in males.,text,include,include,Epidemiological fact absent from book.,Ch 20 · Natural history of HBV
B2-06,35,About 50% of HBsAg carriers have evidence of viral replication (HBeAg+/HBV DNA+).,Proportion of carriers with replication,20 Chronic Hepatitis B,"265, 266","not found (searched: 50%, replication, carriers)",About 50% of HBsAg carriers have evidence of viral replication (HBeAg positive / HBV DNA positive).,text,include,include,Specific proportion absent from book.,Ch 20 · Natural history of HBV
B2-07,35,About 20% of HBV carriers develop cirrhosis within 5 years of disease onset.,Rate of progression to cirrhosis in HBV,20 Chronic Hepatitis B,265,"Book lists cirrhosis complications as presentations but gives no progression rate (searched: within 5 years, 20%, cirrhosis)",About 20% of HBV carriers develop cirrhosis within 5 years of disease onset.,text,include,include,Natural-history figure absent from book.,Ch 20 · Natural history of HBV
B2-08,35,"often in the third to fifth decade in life there is a change in host immunity, so that acute hepatitis develops",Immune-tolerant phase evolution,20 Chronic Hepatitis B,266,"Immune-tolerant (HBeAg+ chronic infection) described; common in those infected at birth; mostly monitored (p266). No timing of loss of tolerance (searched: decade, third)","Patients in the immune-tolerant phase (mostly infected perinatally) often lose tolerance in the third to fifth decade, when acute hepatitis develops and chronic hepatitis can follow.",text,include,include,Adds timing/transition of immune-tolerant phase.,Ch 20 · Natural history of HBV
B2-09,35,Usually discovered when they are screened before donating blood for transfusion.,Inactive carrier detection,20 Chronic Hepatitis B,267,"Inactive carrier (HBeAg-negative chronic infection) features described (p267); mode of discovery not given (searched: donat, screen)",Inactive HBV carriers are usually discovered on screening before blood donation.,text,include,include,Small clinical-context addition.,Ch 20 · Natural history of HBV
B2-10,35,"with levels of HBV DNA, which are below 400 IU/L in their serum.",Inactive carrier HBV DNA threshold,20 Chronic Hepatitis B,"266, 267","HBV DNA usually <2,000 IU/mL (p266 table, p267)","Source gives inactive-carrier HBV DNA as below 400 IU/L; book gives <2,000 IU/mL.",text,discrepancy,discrepancy,Different threshold (and unit IU/L in source looks unusual).,
B2-11,35,"some patients may rarely have episodes of reactive hepatitis such as during chemotherapy for cancer or with bone marrow transplantation, so antiviral prophylaxis is indicated.",HBV reactivation and prophylaxis,20 Chronic Hepatitis B,"267, 268, 269","Reactivation may occur during chemotherapy/immunosuppressive therapy (p267, p268); 'Planned immunosuppressive therapy' listed as a factor in treatment decisions (p269); no explicit statement that prophylaxis is indicated (searched: prophyla, bone marrow)","Inactive carriers may reactivate during cancer chemotherapy or bone marrow transplantation, so antiviral prophylaxis is indicated in these settings.",text,include,include,Book implies but does not state antiviral prophylaxis; bone marrow transplantation not named.,Ch 20 · Natural history of HBV
B2-12,35,There is an annual spontaneous clearance rate of HBsAg of 1-2%.,Spontaneous HBsAg clearance,20 Chronic Hepatitis B,267,'Spontaneous HBsAg clearance occurs in approximately 1% per year' (p267),Source: 1–2% per year; book: ~1% per year.,text,discrepancy,discrepancy,Minor numeric difference on same point.,
B2-13,36,Diagnosis of HBV infection depends on the detection of HBsAg... Hepatocytes with groundglass appearance represent the production of HBsAg,"HBV investigations, treatment indications, aims",20 Chronic Hepatitis B,"268, 269","HBsAg >6 months, investigations list, ground-glass hepatocytes, treatment indications (DNA >2000, ALT, fibrosis, cirrhosis regardless of ALT), goals, HBeAg seroconversion, HBsAg loss (p268–269)",,text,exclude,exclude,Already covered.,
B2-14,36,"If HBeAg disappears, remission is usually sustained for many years.",Durability of HBeAg loss,20 Chronic Hepatitis B,269,"HBeAg seroconversion described as an important treatment milestone (p269); durability not stated (searched: sustained, remission)","When HBeAg disappears (seroconversion), remission is usually sustained for many years, although most patients remain HBsAg positive.",text,include,include,Adds prognostic meaning of HBeAg loss.,Ch 20 · Treatment of HBV
B2-15,36,"Younger patients with higher serum aminotransferase values (3x the upper limit of normal), with viral loads <10 IU/ml respond best.",Predictors of interferon response in HBV,20 Chronic Hepatitis B,271,"Best candidates: younger patients, elevated ALT, lower HBV DNA, genotypes A/B (p271)",Best interferon response is seen in younger patients with ALT about 3x the upper limit of normal.,text,include,include,Adds the 3x ULN ALT threshold; the viral-load figure '<10 IU/ml' is omitted because it appears garbled.,Ch 20 · Treatment of HBV
B2-16,36,Pegylated α 2a interferon (180 μg once a week subcutaneously) gives response rates of 25-45% after 48 weeks,Peg-IFN response rate in HBV,20 Chronic Hepatitis B,"270, 271","Dose 180 μg weekly for 48 weeks, advantages, adverse effects covered (p270–271); no response rate (searched: 25, 40%, 45)",Pegylated interferon α-2a for 48 weeks gives response rates (HBeAg disappearance) of about 25–45%.,text,include,include,Response-rate figure absent. Source itself gives two slightly different ranges (25–45% and 25–40%).,Ch 20 · Treatment of HBV
B2-17,37,"It can also be used in patients with lamivudine mutations, but not on its own for adefovir mutations.",Tenofovir in resistant HBV,20 Chronic Hepatitis B,270,"Tenofovir 300 mg, TAF 25 mg, monitoring renal/phosphate/BMD covered; entecavir 1 mg for lamivudine resistance (p270); tenofovir use in resistance not stated (searched: mutation, resistance)","Tenofovir can be used in patients with lamivudine-resistant mutations, but not on its own for adefovir-resistant mutations.",text,include,include,Resistance-specific use absent.,Ch 20 · Treatment of HBV
B2-18,37,Serum HBV DNA becomes negative in 67% (HBeAg-positive patients) and 90% (HBeAg-negative patients) by 48 weeks.,Entecavir efficacy,20 Chronic Hepatitis B,270,"Entecavir 0.5 mg/1 mg, highly effective, very low resistance (p270); no efficacy figures (searched: 67, 48 weeks)","With entecavir, serum HBV DNA becomes negative by 48 weeks in 67% of HBeAg-positive and 90% of HBeAg-negative patients.",text,include,include,Quantitative efficacy absent.,Ch 20 · Treatment of HBV
B2-19,37,"Lamivudine, 100 mg/day given orally, is well tolerated. However there is the problem of viral resistance due to YMDD mutant.",Lamivudine resistance mechanism,20 Chronic Hepatitis B,270,"Lamivudine listed among drugs no longer first-line because of high resistance (p270); YMDD not named (searched: YMDD, mutant)",Lamivudine (100 mg/day) is well tolerated but limited by viral resistance due to the YMDD mutant.,text,include,include,Names the resistance mutation; dose absent. Lamivudine is outdated as first-line (book).,Ch 20 · Treatment of HBV
B2-20,37,Hepatitis Delta could be treated by Pegylated interferon alpha or by a new oral antiviral Bulevirtide,HDV treatment,20 Chronic Hepatitis B,271,Peg-IFN-α and bulevirtide listed (p271),,text,exclude,exclude,Already covered.,
B2-21,37,HCV Infection has the propensity to become a chronic hepatitis in 80%of cases... Hepatocellular carcinoma occurs in about 15% of cirrhotic patients.,Chronic HCV clinical features and extrahepatic manifestations,20 Chronic Hepatitis B,"271, 272","Chronic HCV section is inside Ch 20 (p271–273); clinical features reproduced verbatim; extrahepatic list (cryoglobulinemia, MPGN, PCT, NHL, vasculitis, DM) (p272)",,text,exclude,exclude,Already covered.,
B2-22,38,HCV Ab by ELISA to indicate infection or exposure. HCV RNA by PCR to indicate viral replication.,Chronic HCV diagnosis,20 Chronic Hepatitis B,272,"Anti-HCV, HCV RNA PCR, biopsy findings, ALT pattern reproduced (p272)",,text,exclude,exclude,Already covered.,
B2-23,38,DAAs target specific non-structural (NS) proteins that are vital to the replication of HCV and result in disruption of viral replication and infection.,Mechanism of DAAs,20 Chronic Hepatitis B,"272, 256","DAAs revolutionized treatment, SVR >95% (p272); HCV genome encodes non-structural proteins (p256); DAA mechanism not stated (searched: non-structural, NS protein, mechanism)","DAAs act by targeting specific HCV non-structural (NS) proteins that are vital for viral replication, thereby disrupting replication and infection.",text,include,include,Mechanism absent from book.,Ch 20 · Hepatitis C (within this chapter)
B2-24,38,"400mg tablet once daily with or without food ... Adverse effects in 10% of cases: fatigue, headache, anorexia & insomnia.",Sofosbuvir details,20 Chronic Hepatitis B,272,"Sofosbuvir/Velpatasvir 12 weeks named as first-line (p272); no dose or adverse effects (searched: sofosbuvir, 400 mg)","Sofosbuvir is pangenotypic and the backbone of most regimens: 400 mg once daily with or without food; used with care in advanced liver disease; adverse effects (~10%) include fatigue, headache, anorexia and insomnia.",text,include,include,Drug dose/adverse effects absent.,Ch 20 · Hepatitis C (within this chapter)
B2-25,38,"Daclatasvir: 1 tablets, 60mg each, are given once daily ... Sofosbuvir-Ledipasvir (Harvoni): One tablet (400 mg Sofosbuvir-90 mg Ledipasvir), once daily.",Daclatasvir / ledipasvir doses,20 Chronic Hepatitis B,272,Book mentions Sofosbuvir/Daclatasvir and Sofosbuvir/Ledipasvir as earlier combinations largely replaced (p272); no doses,"Daclatasvir is given as 60 mg once daily; ledipasvir is available only as a fixed-dose tablet with sofosbuvir (400 mg/90 mg, Harvoni) once daily.",text,include,exclude,Doses absent; mark program-specific/older regimen (book states these have largely been replaced). | Central review: doses of older DAA combinations the book says are largely replaced; low value.,
B2-26,38,"Ribavirin ... 600 to 1200mg/day orally according to weight. AE: hemolytic anemia, teratogenesis & causes sperm abnormalities.",Ribavirin dose and adverse effects,20 Chronic Hepatitis B,273,"Ribavirin used only in selected difficult-to-treat patients (p273); no dose or AEs (searched: hemolytic, teratogen, sperm)","Ribavirin (adjuvant) is dosed at 600–1200 mg/day orally according to weight; adverse effects are hemolytic anemia, teratogenicity and sperm abnormalities.",text,include,include,Clinically important toxicity absent.,Ch 20 · Hepatitis C (within this chapter)
B2-27,38,"Pegylated interferon: α 2a (Pegasys) 180 μg/week SC, or α 2b (Pegintron) 1.5 μg/Kg/ week SC... The new treatment trend is for IFN free regimens",Peg-IFN in HCV,20 Chronic Hepatitis B,273,Peg-IFN no longer recommended for routine HCV treatment (p273),,text,exclude,exclude,Outdated for HCV; book already states IFN-free approach.,
B2-28,39,"nosocomial infection due to medical procedures performed without appropriate cleaning or disinfection ... such as in circumcision, dentistry practices",Egypt HCV transmission factors,20 Chronic Hepatitis B,273,"Book attributes epidemic to inadequately sterilized needles in antischistosomal campaigns (p273); other nosocomial routes not given (searched: circumcision, dentist, nosocomial)","Besides the parenteral antischistosomal campaigns, Egypt's high HCV prevalence is partly due to nosocomial infection from inadequately disinfected equipment (e.g., circumcision, dental practice) and prevailing social/cultural behaviour.",text,include,include,Additional transmission factors absent.,Ch 20 · Hepatitis C (within this chapter)
B2-29,39,creation of the national Committee for control of viral hepatitis (2007) ... national network of treatment centers (NNTC) through the internet,Egyptian national HCV response (history),20 Chronic Hepatitis B,273,"Book mentions elimination program from 2014 and 100 Million Healthy Lives (p273); not found (searched: committee, 2007, network)","Egypt created the National Committee for Control of Viral Hepatitis (2007) and an internet-based national network of treatment centres allowing nationwide patient registration; >350,000 patients were treated with pegylated IFN–ribavirin.",text,include,exclude,"Program-specific historical detail. | Central review: programme history (2007 committee, NNTC); not student-useful.",
B2-30,39,"Screening was done for more than 49 million of the population, the prevalence of HCV was 4.4 % all over the country.",Egypt screening campaign results,20 Chronic Hepatitis B,273,'approximately 60 million people have been screened' (p273); prevalence figure not given,Source: during Oct 2018–May 2019 >49 million were screened with HCV prevalence 4.4%; book: ~60 million screened to date.,text,discrepancy,discrepancy,Screening numbers differ (possibly different time frames); 4.4% prevalence figure is absent from book.,
B2-31,39,"The screening also aimed for detection of non-communicable diseases among population (hypertension, DM, Obesity).",Egypt screening campaign scope,20 Chronic Hepatitis B,273,"not found (searched: non-communicable, hypertension, obesity near HCV)","The 2018–2019 Egyptian HCV screening campaign also screened for non-communicable diseases (hypertension, diabetes, obesity).",text,include,exclude,Program-specific detail absent. | Central review: campaign detail (NCD screening); not student-useful.,
B2-32,40,"Easy to treat group: Treatment Naive S bilirubin ≤1.2 mg/dl- Serum Albumin ≥3.5 g/dl – INR 1.2, Platelet count ≥150 000/mm3.",Egyptian HCV treatment program criteria and regimens,20 Chronic Hepatitis B,"272, 273","Book gives Sofosbuvir/Velpatasvir 12 weeks, ribavirin for difficult-to-treat/previous DAA failure (p272–273); no easy/difficult-to-treat criteria (searched: easy to treat, 24 weeks)","In the Egyptian program, 'easy-to-treat' patients (naive, bilirubin ≤1.2 mg/dl, albumin ≥3.5 g/dl, INR 1.2, platelets ≥150,000) receive sofosbuvir + daclatasvir for 12 weeks; 'not-easy-to-treat' (Peg-IFN experienced, bilirubin ≥1.5, albumin ≤3.2, INR ≥1.5, platelets ≤100,000) add ribavirin for 12 weeks; relapse after sofosbuvir-based therapy is retreated with sofosbuvir + daclatasvir + ribavirin for 24 weeks; CKD patients receive the usual regimen.",text,include,exclude,Program-specific national protocol. | Central review: superseded Egyptian national regimen (sofosbuvir+daclatasvir); book states regimens replaced.,
B2-33,40,The patient is cured when HCV RNA is negative 3 months after the end of treatment,SVR definition and HBV vaccination,20 Chronic Hepatitis B,273,SVR12 = undetectable HCV RNA 12 weeks after therapy; vaccinate against HAV and HBV (p273),,text,exclude,exclude,Already covered.,
B2-34,41,"Type 1: ... (ANA), anti-smooth muscle antibody (ASMA). Type 2: ... (LKM-1), anti-liver cytosole antibody-1 (LC I)","AIH definition, types, clinical picture, diagnosis",21 Autoimmune Hepatitis,"275, 276",Reproduced nearly verbatim (p275–276),,text,exclude,exclude,Already covered.,
B2-35,42,AST ≥10 x ULN; AST ≥5 x ULN + GG ≥2 x ULN ... prednisone 0.5-1 mg/Kg ... azathioprine (1-2 mg/Kg,"AIH treatment indications, drugs, remission, prognosis",21 Autoimmune Hepatitis,"276, 277","Indications, prednisone/azathioprine doses, remission criteria, 65%/80% remission, 10-year survival 90%, transplantation covered (p276–277)",,text,exclude,exclude,Already covered.,
C-01,44,Gradual& sustained weight reduction (not more than 1.6 Kg/week),NAFLD/MASLD - rate of weight loss,21 Autoimmune Hepatitis (MASLD section),279,"p279: gradual sustained weight loss of 7-10% body weight; rapid weight loss should be avoided; no numeric weekly cap (searched: 1.6, kg/week, rapid weight, weight loss)","Weight reduction in fatty liver should be gradual and sustained, not more than 1.6 kg per week, because rapid weight loss can increase fibrosis.",text,include,include,Source gives a specific numeric safe rate absent from book,Ch 21 · Fatty liver (MASLD) management
C-02,44,Use of insulin sensitizing agents such as metformin or pioglitazone.,NAFLD/MASLD - metformin,21 Autoimmune Hepatitis (MASLD section),279,p279: 'Metformin should be used to treat diabetes but is not recommended specifically for treating MASH'; pioglitazone may be considered,Source lists metformin alongside pioglitazone as an insulin-sensitizing agent for NAFLD; book states metformin is not recommended specifically for MASH.,text,discrepancy,discrepancy,Source and book differ on role of metformin in NAFLD/MASH treatment,
C-03,44,"under clinical trials : Obeticholic acid , Liraglutide ; Semaglutide , Empagliflozin",NAFLD - drugs under trial,21 Autoimmune Hepatitis (MASLD section),279,p279: GLP-1 RA (semaglutide) increasingly used; 'New therapies for MASH continue to emerge',"Source lists obeticholic acid, liraglutide, semaglutide and empagliflozin as agents under clinical trials.",text,exclude,exclude,Book already covers GLP-1 RA with more current status; trial-drug list is dated,
C-04,43,Difficulty with distinguishing steatosis from cirrhosis.,Fibroscan limitation in NAFLD,21 Autoimmune Hepatitis (MASLD section); 18 Liver Disease Assessment,"278, 241, 242",p278: Fibroscan estimates stiffness and steatosis via CAP; p242 measures fatty change,Source says Fibroscan has difficulty distinguishing steatosis from cirrhosis.,text,exclude,exclude,"Outdated versus book's CAP statement; NAFLD topic otherwise covered (definition, renaming, metabolic syndrome, clinical picture, U/S, biopsy) at p277-279",
C-05,45,"gall stones, recurrent pancreatitis (particularly in alcoholics), parotid enlargement",Cirrhosis - associated conditions at presentation,22 Liver Cirrhosis,282,"p282: gall stones, parotid enlargement, Dupuytren's contractures, muscle cramps; recurrent pancreatitis omitted (searched: recurrent pancreatitis, pancreatitis in Ch22)",Recurrent pancreatitis (particularly in alcoholics) is among the conditions associated with chronic liver disease that may bring a cirrhotic to attention.,text,include,include,Item dropped from book's otherwise verbatim list,Ch 22 · Clinical picture and investigations
C-06,45,"Fever due to infections: UTI, SBP, chest and skin infections , or due to portal bacteremia and necrosis of the liver cells.",Cirrhosis - causes of fever,22 Liver Cirrhosis,282,"p282: fever due to infections: UTI, SBP, chest and skin infections; non-infective causes absent (searched: portal bacter, bacteremia, fever)","Fever in cirrhosis may also be due to portal bacteremia and to necrosis of liver cells, not only overt infections.",text,include,include,Additional mechanisms of fever absent in book,Ch 22 · Clinical picture and investigations
C-07,45,feminization in male observed in long standing cases. This usually indicates decompensation.,Cirrhosis - hormonal signs,22 Liver Cirrhosis,282,"p282: hypogonadism/hyperestrogenism incl. gynecomastia, testicular atrophy, loss of body hair; no prognostic statement (searched: feminization, decompensation)",Feminization in male cirrhotics is seen in long-standing cases and usually indicates decompensation.,text,include,include,Prognostic significance absent from book,Ch 22 · Clinical picture and investigations
C-08,46,Fetor hepaticus: a fecal smell due to lack of detoxification of mercaptan absorbed from colon.,Fetor hepaticus,22 Liver Cirrhosis,283,"p283: 'a sweet, musty odor caused by volatile sulfur-containing compounds'","Source describes fetor hepaticus as a fecal smell due to failure to detoxify mercaptans absorbed from the colon; book describes a sweet, musty odor from volatile sulfur compounds.",text,discrepancy,discrepancy,Odor description differs (fecal vs sweet musty); source adds colonic mercaptan origin,
C-09,46,Physical signs in liver cirrhosis,Physical signs figure and abdominal/chest examination,22 Liver Cirrhosis,"283, 284",p283 exam text verbatim; p284 Figure 22.2 is the same physical-signs figure,n/a,image-figure,exclude,exclude,Already covered (same figure and text),
C-10,47,5- Increased urobilinogen in urine.,Cirrhosis - urine,22 Liver Cirrhosis,284,"not found in Ch22 lab list (searched: urobilinogen); urobilinogen covered only under jaundice types p245-246, p252",Urine urobilinogen is increased in cirrhosis.,text,include,include,Lab item dropped from book's cirrhosis investigation list,Ch 22 · Clinical picture and investigations
C-11,48,Liver stiffness measurement ≤20 kPa and a platelet count > 150 x109L do not need upper tract gastrointestinal endoscopy,Elastography rule-out of varices (Baveno),22 Liver Cirrhosis; 23 Portal Hypertension,"285, 312","p285: endoscopy guided by Baveno VII, some patients can avoid endoscopy; no thresholds (searched: kPa, 150, platelet, stiffness, Baveno in book1/book2)","Patients with liver stiffness ≤20 kPa and platelets >150 x10^9/L do not need screening upper endoscopy, because the likelihood of large varices is low (<5%).",text,include,include,Book names the criteria but omits the actual cut-offs,Ch 22 · Varices screening without endoscopy
C-12,48,liver stiffness measurement value by transient elastography of > 25 kPa is sufficient to diagnose CSPH,Elastography diagnosis of CSPH,22 Liver Cirrhosis; 23 Portal Hypertension,"285, 313","p285: elastography identifies patients at risk of CSPH to be treated with carvedilol; no threshold (searched: kPa, 25, CSPH)",A transient-elastography liver stiffness >25 kPa is sufficient to diagnose CSPH; such patients do not need endoscopy and are treated with carvedilol to decrease the risk of decompensation.,text,include,include,Specific diagnostic cut-off absent from book,Ch 22 · Varices screening without endoscopy
C-13,48,"In patients with encephalopathy, proteins should be restricted to 30-40 gm/day",Cirrhosis nutrition - protein,22 Liver Cirrhosis,286,p286: protein restriction no longer recommended; 1.2-1.5 g/kg/day even in HE; temporary reduction only in severe overt HE,"Source: protein 1-1.2 g/kg (1.5 g/kg if poorly nourished) and restriction to 30-40 g/day in encephalopathy; book: 1.2-1.5 g/kg/day even in HE, avoid prolonged restriction.",text,discrepancy,discrepancy,Different protein recommendations in encephalopathy,
C-14,49,Child class A if he has < 7 points. ... Child class C if he has > 10 points.,Child-Pugh classes,22 Liver Cirrhosis,"286, 287","p286-287: Child A 5-6, B 7-9, C 10-15; table identical; MELD-Na p287",n/a,text,exclude,exclude,Source unclear: '>10' leaves a score of 10 unassigned; book covers CTP and MELD fully,
C-15,51,Mandatory criteria for diagnosis of PBC: Clinical and lab evidences of Cholestasis. M2 antibodies. Destructive cholangitis on liver biopsy.,PBC diagnostic criteria,22 Liver Cirrhosis,288,"p288: diagnosis requires two of three (cholestatic ALP, AMA, compatible biopsy)","Source presents cholestasis, M2 antibodies and destructive cholangitis on biopsy as 'mandatory' criteria; book requires two of three.",text,discrepancy,discrepancy,Whether all three or two of three criteria are needed,
C-16,51,Ursodeoxycholic acid (UDCA) improves bilirubin level and liver biochemistry but has no effect on the disease process.,PBC - UDCA effect,22 Liver Cirrhosis,288,"p288: UDCA first-line, improves biochemistry, slows fibrosis progression and improves survival",Source says UDCA has no effect on the disease process; book says it slows fibrosis and improves survival.,text,discrepancy,discrepancy,Opposite statements on disease-modifying effect of UDCA in PBC,
C-17,51,"Supplementation with fat soluble vitamins, and calcium.",PBC - supportive treatment,22 Liver Cirrhosis,"287, 288","p287 mentions malabsorption of fat-soluble vitamins and osteoporosis, but treatment list lacks supplementation (searched: fat soluble, calcium, supplement, vitamin)",Patients with PBC should receive supplementation with fat-soluble vitamins and calcium.,text,include,include,Management point absent from book treatment section,Ch 22 · Cholestatic and metabolic cirrhosis
C-18,51,Damage and loss of the small bile ducts with ductular proliferation are characteristic of the disease.,PBC histology,22 Liver Cirrhosis,288,p288: damage and loss of small bile ducts with florid duct lesion (searched: ductular),PBC biopsy shows damage and loss of small bile ducts with ductular proliferation.,text,include,include,Additional histological feature (ductular proliferation) not in book,Ch 22 · Cholestatic and metabolic cirrhosis
C-19,51,ERCP should be done to make sure that the bile ducts are normal.,PBC imaging,22 Liver Cirrhosis,288,p288: U/S to exclude extrahepatic obstruction; MRCP can be done,n/a,text,exclude,exclude,Book already covers biliary imaging with MRCP (more current); rest of PBC section covered p287-289,
C-20,52,endoscopic stents and surgical excision of strictures are of limited value and are mainly used as symptomatic treatment for pruritus.,PSC interventional treatment,22 Liver Cirrhosis,"289, 290","p290: ERCP balloon dilatation/temporary stenting for cholestasis, pruritus, cholangitis; PSC otherwise fully covered (IBD 70-80%, p-ANCA 60%, MRCP/ERCP, transplant)",n/a,text,exclude,exclude,"Already covered; surgical excision of strictures is a minor, outdated point",
C-21,53,Thirty percent may develop HCC as a complication of liver cirrhosis.,Hemochromatosis - HCC risk,22 Liver Cirrhosis; 26 HCC,"292, 333","p292: increased risk of HCC, persists after iron depletion; no figure; Ch26 risk list has no hemochromatosis number (searched: HCC, hepatocellular, 30%, hemochromat)",About 30% of patients with hemochromatosis may develop HCC as a complication of cirrhosis.,text,include,include,Quantifies a risk the book states only qualitatively,Ch 22 · Cholestatic and metabolic cirrhosis
C-22,53,MRI detects iron deposition in the pancreas to differentiate the condition from secondary iron overload states (haemosidrosis) in which only the liver is affected.,Hemochromatosis - MRI differentiation,22 Liver Cirrhosis,293,"p293: MRI quantifies hepatic iron and assesses extrahepatic deposition; no mention of secondary overload differentiation (searched: haemosid, hemosid, secondary iron)","MRI showing iron in the pancreas helps differentiate hereditary hemochromatosis from secondary iron overload (hemosiderosis), in which only the liver is affected.",text,include,include,Clinical distinction absent from book,Ch 22 · Cholestatic and metabolic cirrhosis
C-23,53,bronze pigmentation of the skin (due to melanin depositing,Hemochromatosis - skin pigmentation mechanism,22 Liver Cirrhosis,292,"p292: skin hyperpigmentation ('bronze diabetes'), no mechanism (searched: melanin, bronze)",The bronze skin pigmentation of hemochromatosis is due to melanin deposition.,text,include,include,Mechanism absent from book,Ch 22 · Cholestatic and metabolic cirrhosis
C-24,53,The mutant HFE gene interacts with intestinal transferring receptor leading to loss of normal intestinal control of iron absorption.,Hemochromatosis pathophysiology,22 Liver Cirrhosis,"291, 292, 293, 294","p291: HFE mutation -> low hepcidin -> increased ferroportin activity; clinical, investigations, venesection, chelation, screening covered p292-294",n/a,text,exclude,exclude,Book gives a more current (hepcidin) mechanism; rest of topic covered,
C-25,54,A defect in the hepatic synthesis of ceruloplasmin leads to failure of hepatic metabolism and excretion.,Wilson disease (HAP 54),22 Liver Cirrhosis; 18 Liver Disease Assessment,"294, 295, 296, 297, 298, 250","p294-298: ATP7B mechanism, clinical, KF rings, investigations, treatment, sibling screening, heterozygotes not treated; p250: total serum copper decreased",n/a,text,exclude,exclude,Fully covered; source mechanism (ceruloplasmin synthesis defect) is outdated relative to book's ATP7B account,
C-26,"55, 44",At least 30 gm of alcohol daily for more than 10 years.,Alcoholic cirrhosis threshold,22 Liver Cirrhosis,"281, 298","p281: regular alcohol intake >30 ml/day for >10 years; p298: >10 years, no amount",Source HAP 55 gives at least 30 g of alcohol daily for >10 years; book (and HAP 44) give >30 ml/day.,text,discrepancy,discrepancy,Unit differs (g vs ml); 30 ml ethanol is not 30 g,
C-27,55,Increased ɤ GT: it is a sensitive test to determine whether the patient is taking alcohol.,Alcoholic cirrhosis - GGT,22 Liver Cirrhosis; 18 Liver Disease Assessment,"299, 239, 245",p299: elevated GGT; p239/245: GGT elevated in alcoholics even with normal liver,n/a,text,exclude,exclude,Essentially covered; alcoholic cirrhosis section otherwise covered p298-299 (headache/migraine in source list is trivial),
C-28,56,"Gene analysis: M, Z & S phenotypes.",Alpha-1 antitrypsin deficiency - phenotypes,22 Liver Cirrhosis,300,"p300: phenotyping/genotyping of SERPINA1; PiZZ most severe; M and S not named (searched: phenotyp, PiZZ)","Gene analysis in alpha-1 antitrypsin deficiency identifies the M, Z and S phenotypes.",text,include,include,Minor: names phenotype alleles beyond PiZZ,Ch 22 · Cholestatic and metabolic cirrhosis
C-29,56,Gene therapy.,Alpha-1 antitrypsin deficiency - treatment,22 Liver Cirrhosis,300,"p300: augmentation therapy, smoking cessation, COPD treatment, transplantation (searched: gene therapy)",n/a,text,exclude,exclude,Not an established therapy; source gives no detail; remaining A1AT content covered p299-300,
C-30,"44, 45, 47, 48","It is a diffuse process characterized by necrosis of liver cells, followed by fibrosis, regeneration and nodule formation.","Cirrhosis definition, etiology, morphology, signs, labs, U/S, NITs, treatment of cause",22 Liver Cirrhosis,"281, 282, 283, 284, 285, 286",p281-286 reproduce these sections nearly verbatim,n/a,text,exclude,exclude,Already covered,
D-01,57,"Increased blood flow: Idiopathic tropical splenomegaly, Arteriovenous fistula",Causes of portal hypertension: increased portal inflow,23 Portal Hypertension,"309, 310","Classification only by site of obstruction (prehepatic/intrahepatic/posthepatic), p309-310; no increased-flow category. not found (searched: increased flow, arteriovenous fistula, tropical splenomegaly)","Besides obstruction, portal hypertension can result from increased portal blood flow, e.g. idiopathic tropical splenomegaly and arteriovenous fistula.",image-figure,include,include,Mechanistic category absent from book classification,Ch 23 · Causes the book does not list
D-02,57,"Splenic vein: Thrombosis, Invasion or compression by tumour",Prehepatic causes: splenic vein and tumour compression,23 Portal Hypertension,"309, 310","Prehepatic causes limited to portal vein thrombosis causes (idiopathic, umbilical sepsis, infection, viscosity, HCC, congenital), p309-310. not found (searched: splenic vein thromb, compression by tumour)",Prehepatic obstruction also includes splenic vein thrombosis and invasion or compression of the portal or splenic vein by tumour.,image-figure,include,include,Additional prehepatic causes shown only in source figure,Ch 23 · Causes the book does not list
D-03,57,"'Pre-sinusoidal' ... Early primary biliary cirrhosis, Chronic active hepatitis ... Toxins: vinyl chloride arsenic, copper, Idiopathic portal hypertension",Presinusoidal causes (extra items),23 Portal Hypertension,310,"Presinusoidal: schistosomiasis, Hodgkin's, leukemia, sarcoidosis, congenital hepatic fibrosis, arsenic (p310). Vinyl chloride appears only in cholestasis list (Ch 29). not found (searched: idiopathic portal, vinyl, copper, chronic active hepatitis in Ch 23)","Other presinusoidal causes: early primary biliary cirrhosis, chronic active hepatitis, toxins (vinyl chloride, arsenic, copper) and idiopathic portal hypertension.",image-figure,include,include,Figure lists presinusoidal causes not in book list,Ch 23 · Causes the book does not list
D-04,57,"'Sinusoidal' Cirrhosis Non-cirrhotic: Acute alcoholic hepatitis, Cytotoxic drugs, Vitamin A intoxication; 'Post-sinusoidal' Venocclusive disease, Alcoholic central hyaline sclerosis",Sinusoidal/postsinusoidal causes (extra items),23 Portal Hypertension,310,"Sinusoidal/postsinusoidal: cirrhosis, alcoholic hepatitis, veno-occlusive disease (p310). not found (searched: vitamin A, cytotoxic, hyaline, non-cirrhotic)",Non-cirrhotic sinusoidal causes include cytotoxic drugs and vitamin A intoxication; alcoholic central hyaline sclerosis is a post-sinusoidal cause.,image-figure,include,include,Figure-only causes absent from book,Ch 23 · Causes the book does not list
D-05,59,The spleen is enlarged due to portal hypertension and also due to reticulo-endothelial hyperplasia.,Mechanism of splenomegaly,23 Portal Hypertension,"311, 312","Splenomegaly and hypersplenism with thrombocytopenia listed (p311-312); mechanism not given. not found (searched: reticulo, hyperplasia)",Splenomegaly in portal hypertension results both from congestion (raised portal pressure) and from reticulo-endothelial hyperplasia.,text,include,include,Mechanism absent,Ch 23 · Causes the book does not list
D-06,60,liver stiffness measurement value by transient elastography of > 25 kPa is sufficient to diagnose CSPH ... treated with carvedilol,Elastography threshold for CSPH,22 Liver Cirrhosis,"285, 313","cACLD/CSPH concept and FibroScan to identify CSPH risk, treat with NSBB like carvedilol (p285); Baveno VII mentioned. No numeric cut-off. not found (searched: kPa, 25, liver stiffness)","A liver stiffness value >25 kPa on transient elastography is sufficient to diagnose CSPH, and such patients are treated with carvedilol to reduce the risk of decompensation.",text,include,merged,"Specific numeric threshold absent | Duplicate of C-12 (same >25 kPa CSPH statement, HAP 60 vs 48); printed once under Ch 22.",Ch 22 · Varices screening without endoscopy
D-07,60,Esophageal variceal hemorrhage accounts for about 1/3 of deaths in patients with cirrhosis &portal hypertension.,Mortality burden of variceal bleeding,23 Portal Hypertension,313,'accounts for a significant proportion of deaths' (p313),Variceal hemorrhage accounts for about one-third of deaths in patients with cirrhosis and portal hypertension.,text,include,include,Source is more specific (quantified),Ch 23 · Primary prophylaxis
D-08,61,"Oral Propranolal, in a dose sufficient to reduce the resting pulse t by 25% (80-160 mg/day) for life.",Propranolol for primary prophylaxis,23 Portal Hypertension,313,"Only carvedilol 6.25 mg twice daily named (p313). not found (searched: propranolol, propanol, resting pulse, 25%)","Oral propranolol (80-160 mg/day) is an alternative, titrated to reduce resting pulse by 25%, and continued for life.",text,include,include,"Drug, dose and titration target absent",Ch 23 · Primary prophylaxis
D-09,61,the portal inflow is reduced by decrease in cardiac output ( β1 ) and by blockade of β2 vasodilator receptor on the splanchnic arteries.,Mechanism of non-selective beta-blockers,23 Portal Hypertension,313,"NSBB reduce risk of variceal bleeding and gastropathy bleeding (p313); mechanism not given. not found (searched: cardiac output, β2, beta 2, vasodilator receptor)",Non-selective beta-blockers reduce portal inflow by lowering cardiac output (β1 blockade) and by blocking β2 vasodilator receptors on splanchnic arteries.,text,include,include,Mechanism absent,Ch 23 · Primary prophylaxis
D-10,61,It is as effective as banding.,NSBB vs band ligation (primary prophylaxis),23 Portal Hypertension,"313, 314","Band ligation used when β-blockers contraindicated/not tolerated (p314); no efficacy comparison. not found (searched: as effective as, effective)","For primary prophylaxis, non-selective beta-blockers are as effective as band ligation.",text,include,include,Comparative statement absent,Ch 23 · Primary prophylaxis
D-11,61,Restore blood volume ... the aim is to maintain systolic blood pressure at 100mmHg.,Resuscitation haemodynamic target,23 Portal Hypertension,"314, 315","Monitor pulse/BP; restrictive transfusion target Hb 7-8 g/dL (p315); no BP target. not found (searched: systolic, 100)","During resuscitation of variceal bleeding, aim to maintain systolic blood pressure at about 100 mmHg.",text,include,include,Target absent (note transfusion-target discrepancy in separate row),Ch 23 · Acute variceal bleeding
D-12,62,Gastric varices and big esophageal varices are injected with an adhesive substance (Histoacryl blue),Tissue adhesive indications,23 Portal Hypertension,315,'Large gastric varices may require injection of tissue adhesives (Histoacryl)' (p315),Tissue adhesive (Histoacryl blue) injection is used for gastric varices and also for big oesophageal varices.,text,include,include,Source extends indication to large oesophageal varices,Ch 23 · Acute variceal bleeding
D-13,62,Terlipressin: 2 mg/ 6 hours IV then 1mg/4hours for 2-5 days.,Terlipressin dose in variceal bleeding,23 Portal Hypertension,315,"Terlipressin 'usually continued for 2-5 days' (p315); no dose. Dose (1 mg/4-6 h) only given for HRS in Ch 28 (p347). not found in Ch 23 (searched: terlipressin, 2 mg, mg)","Terlipressin for variceal bleeding: 2 mg IV every 6 hours, then 1 mg every 4 hours, for 2-5 days.",text,include,include,Dosing regimen absent in Ch 23,Ch 23 · Acute variceal bleeding
D-14,62,Patients should have nil by mouth until bleeding has stopped.,Oral intake during variceal bleeding,23 Portal Hypertension,316,"Ch 23 additional measures list omits it (p316); Ch 03 UGIB says 'keep NPO until endoscopy' (book1 printed 50). searched: nil by mouth, NPO, oral intake","In acute variceal bleeding, keep the patient nil by mouth until bleeding has stopped.",text,include,exclude,Absent from variceal section; general UGIB statement differs in endpoint | Central review: NPO already in first-half book Ch 03 upper GI bleeding (printed p50).,
D-15,62,can be used if endoscopic therapy or vasoconstrictive therapy has failed or not available.,Indication for balloon tamponade,23 Portal Hypertension,316,"'Balloon tamponade is now rarely used because of serious complications, particularly aspiration and esophageal injury' (p316); no indication. searched: tamponade, Sengstaken, Minnesota",Balloon tamponade can still be used when endoscopic or vasoconstrictor therapy has failed or is not available.,text,include,include,Indication absent,Ch 23 · Acute variceal bleeding
D-16,62,TIPS is used when bleeding cannot be stopped or early rebleeding occurs after endoscopic therapy within 5 days.,TIPS timing criterion,23 Portal Hypertension,316,"Heading 'Management of Failure or Early Rebleeding' and TIPS for refractory bleeding (p316); no time window. not found (searched: 5 days, within 5)",TIPS is indicated when bleeding cannot be stopped or when early rebleeding occurs within 5 days of endoscopic therapy.,text,include,include,Specific time window absent,Ch 23 · Acute variceal bleeding
D-17,63,The shunts are usually end-to- side portocaval anastomosis or splenorenal shunts (Warren),Types of surgical portosystemic shunt,23 Portal Hypertension,317,"'Surgical shunts decompress the portal circulation and reduce rebleeding but may produce significant hepatic encephalopathy' (p317); types not named. not found (searched: portocaval, splenorenal, Warren, end-to-side)",Surgical shunts are usually an end-to-side portocaval anastomosis or a (Warren) splenorenal shunt.,text,include,include,Shunt types absent,Ch 23 · Acute variceal bleeding
D-18,64,"The syndrome does not complicate portal venous occlusion alone. It may be terminal in chronic cholestasis, such as primary biliary cirrhosis.",Liver cell failure: scope,18 Liver Disease Assessment,"237, 238","Features of hepato-cellular failure listed (p237-238); no statement on which diseases it complicates. not found (searched: portal venous occlusion, does not complicate, terminal)","Hepatocellular failure complicates almost all liver diseases but not portal venous occlusion alone; it may be the terminal event in chronic cholestasis such as primary biliary cirrhosis, and its picture and treatment are similar whatever the cause.",text,include,include,Clinical distinction absent,Ch 18 · Symptoms and signs of chronic liver disease
D-19,64,Principal Functions Of The Liver ... Detoxification of ammonia through urea cycle ... Steroid and hormone binding proteins ... Kupffer cells.,Principal functions of the liver,17 Hepatology and Hepatic Surgery,"233, 235","Anatomy, blood supply, lobule/acinus, Kupffer cells, space of Disse (p233-235); no list of liver functions. not found (searched: functions of the liver, principal function, acute phase, binding protein, urea cycle)","Principal liver functions: bile formation and secretion; metabolism of carbohydrates, amino acids, lipids and vitamins; inactivation of ammonia (urea cycle), toxins, steroids and hormones; synthesis of acute-phase proteins, albumin, clotting factors and binding proteins; immune function (Kupffer cells).",text,include,include,Framework explaining features of liver failure absent,Ch 17 · Liver functions and lobular zonation
D-20,64,"Pericentral zone: Glycolysis; Glutamine & Bile acid biosynthesis ... Periportal zone: Gluconeogenesis, Cholesterol & Urea biosynthesis",Metabolic zonation of the lobule,17 Hepatology and Hepatic Surgery,235,"Zones 1-3 described only by oxygenation (zone 1 best oxygenated, zone 3 more vulnerable), p235. not found (searched: gluconeogen, glycolysis, glutamine)","The periportal zone is the site of gluconeogenesis and cholesterol and urea synthesis, whereas the pericentral zone performs glycolysis and glutamine and bile acid synthesis.",image-figure,include,include,Figure content absent from book,Ch 17 · Liver functions and lobular zonation
D-21,65,8) Cryptogenic cirrhosis,Cryptogenic cirrhosis,22 Liver Cirrhosis,281,"Etiology list: viral, ALD, MASH, metabolic, PBC, venous outflow, AIH, toxins/drugs (p281). not found (searched: cryptogenic)",Some cirrhosis is cryptogenic (no identifiable cause).,text,include,include,Category absent,Ch 22 · Aetiology and consequences
D-22,65,"Reduction in functional cell mass: - Decreased detoxification: bilirubin, ammonia, drugs. - Decreased synthesis of: albumin, coagulation proteins",Consequences of cirrhosis: two mechanisms,22 Liver Cirrhosis,"281, 282","Decompensation features listed (p282) and features of hepatic failure (p237-238); no framing of the two pathways. not found (searched: functional cell mass, consequences of cirrhosis, liver insufficiency)","Cirrhosis causes disease by two routes: altered hepatic blood flow (portal hypertension: variceal bleeding, ascites, encephalopathy; ascites leads to SBP and HRS) and reduced functional cell mass (less detoxification of bilirubin, ammonia and drugs; less synthesis of albumin and clotting proteins: jaundice, encephalopathy).",image-figure,include,include,Organising framework absent; includes flow-chart content,Ch 22 · Aetiology and consequences
D-23,65,7) Changes in nitrogen metabolism.,Hepatic failure feature list,18 Liver Disease Assessment,"237, 238","List: general failure of health, jaundice, hyperdynamic circulation, fever/septicaemia, encephalopathy, ascites, skin/endocrine changes, disordered coagulation (p237-238). Missing nitrogen metabolism and cyanosis. searched: nitrogen, cyanosis (cyanosis only as chest sign in cirrhosis p283)","Features of hepatic failure also include changes in nitrogen metabolism, and hyperdynamic circulation may be accompanied by cyanosis.",text,include,exclude,List items absent; low priority | Central review: source gives only the heading 'changes in nitrogen metabolism' with no content.,
D-24,61,Over transfusion may cause rebleeding. Patient should be kept with a hematocrit value around 30.,Transfusion target,23 Portal Hypertension,315,"'Blood transfusion should be restrictive, with a target hemoglobin generally around 7-8 g/dL' (p315)",Source targets haematocrit around 30; book targets Hb 7-8 g/dL (restrictive). Both warn against over-transfusion.,text,discrepancy,discrepancy,Different numeric targets on the same point,
D-25,61,Ryle's tube insertion for aspiration and lavage.,Nasogastric tube in variceal bleeding,23 Portal Hypertension,315,'A nasogastric tube may be considered selectively ... but it is not routinely required in every patient' (p315),"Source lists Ryle's tube insertion as part of routine resuscitation; book says it is selective, not routine.",text,discrepancy,discrepancy,Routine vs selective use,
D-26,61,Every patient diagnosed with cirrhosis should have an upper GI endoscopy to assess the possibility of presence of esophageal or gastric varices.,Screening endoscopy in cirrhosis,23 Portal Hypertension,"285, 313","'assessment ... using appropriate non-invasive criteria and/or upper GI endoscopy' (p313); 'guided by Baveno VII criteria, and some patients can safely avoid endoscopy' (p285)",Source: endoscopy for every cirrhotic; book: non-invasive criteria may spare some patients endoscopy (source p60 itself introduces elastography).,text,discrepancy,discrepancy,Universal vs selective screening endoscopy,
D-27,57,portal hypertension is considered when the pressure is more than 12 mmHg.,Definition/normal portal pressure,23 Portal Hypertension,"309, 310",Normal 5-10 mmHg; CSPH when >~10-12 mmHg (p309); HVPG>12 for varices (p317),,text,exclude,exclude,"Covered; source itself uses 10-12 mmHg on p59, so not a firm discrepancy",
D-28,"57, 58",The portal vein is formed by the union of the superior mesenteric and the splenic vein,Anatomy and main causes by site,23 Portal Hypertension,"309, 310",Anatomy and full prehepatic/intrahepatic/posthepatic text lists match (p309-310); IVC obstruction/Budd-Chiari covered in Ch 22,,text,exclude,exclude,Already covered (figure-only extras recorded separately),
D-29,59,They develop into anastomosis between left and short gastric veins (portal) and azygous vein (systemic).,"Portosystemic collaterals, clinical picture, investigations",23 Portal Hypertension,"310, 311, 312, 313","All four collateral sites, clinical features, endoscopy/Doppler/LFT/biopsy covered (p310-313)",,text,exclude,exclude,Already covered,
D-30,59,Ascites due to associated chronic liver disease.,Ascites in portal hypertension,23 Portal Hypertension,312,'Ascites' listed (p312),,text,exclude,exclude,Trivial,
D-31,60,"About 90 % of patients with cirrhosis will develop gastro-esophageal varices over 10 years, but only 1/3 of these will bleed.",Natural history; cACLD/CSPH concept,23 Portal Hypertension,"285, 313",Same figures p313; cACLD/CSPH p285,,text,exclude,exclude,Already covered,
D-32,61,Carvedilol: a non selective beta and alpha1 receptor blocker is used in dose of 6.25 mg twice daily,Carvedilol; banding when NSBB contraindicated; banding mechanism,23 Portal Hypertension,"313, 314","Carvedilol 6.25 mg bd, band ligation if asthma/heart block/hypotension, varix suctioned and banded (p313-314)",,text,exclude,exclude,Already covered,
D-33,61,It prevents bleeding from congestive gastropathy and decreases the frequency of rebleeding.,NSBB in gastropathy/rebleeding,23 Portal Hypertension,"313, 317",Reduce bleeding from gastropathy (p313); NSBB for secondary prophylaxis (p317),,text,exclude,exclude,Already covered,
D-34,61,fresh blood transfusion or fresh frozen plasma or plasma expanders,Blood products for volume restoration,23 Portal Hypertension,"314, 315",Restrictive transfusion; avoid over-transfusion (p315),,text,exclude,exclude,Superseded by book's restrictive approach; transfusion target logged as discrepancy,
D-35,"61, 62",Urgent endoscopy: only after resuscitation,Urgent endoscopy aims; band ligation/sclerotherapy (ethanolamine oleate); 80% success,23 Portal Hypertension,315,All covered p315 (plus within 12 h),,text,exclude,exclude,Already covered,
D-36,62,Their main use is for control of emergency bleeding while waiting for endoscopy,"Vasoactive therapy role, octreotide when terlipressin contraindicated",23 Portal Hypertension,"315, 316","Start before endoscopy, reduce splanchnic flow; octreotide when terlipressin unsuitable (p315-316)",,text,exclude,exclude,Already covered,
D-37,62,It should be given to patients with ischemic heart disease.,Terlipressin and ischaemic heart disease,23 Portal Hypertension,315,'Particular caution is required in patients with ischemic heart disease' (p315),,text,exclude,exclude,source unclear (likely missing 'not'); book already cautions,
D-38,62,Prophylactic antibiotics : oral or IV.,Additional measures; rebleed within 10 days; TIPS technique and encephalopathy risk,23 Portal Hypertension,316,Identical list and TIPS technique p316,,text,exclude,exclude,Already covered,
D-39,63,Banding is superior to sclerotherapy,"Secondary prophylaxis (EVL every 2 weeks, NSBB, shunts, transplant; 60-80% recurrence)",23 Portal Hypertension,"315, 316, 317","EVL preferred (p315); 2-weekly EVL to obliteration, 60-80%/2 y, NSBB, TIPS, shunts, transplant (p316-317)",,text,exclude,exclude,Already covered,
D-40,63,"Hepatic vein catheterization: Cannulation of the hepatic vein, balloon occlusion","Portal pressure measurement (WHVP, PVPG, HVPG)",23 Portal Hypertension,317,Reproduced near-verbatim p317,,text,exclude,exclude,Already covered,
D-41,64,Microscopic Anatomy Of The Liver,"Liver microanatomy (sinusoid, Disse, stellate, Kupffer, acinus zones)",17 Hepatology and Hepatic Surgery,235,"Lobule, acinus zones, Kupffer, Disse, stellate cells (p235)",,image-figure,exclude,exclude,Already covered (metabolic zonation logged separately),
D-42,65,"Viral hepatitis types B ± delta; C. ... methotrexate, amiodarone.",Causes of cirrhosis,22 Liver Cirrhosis,"281, 307","Viral, alcohol, metabolic, PBC/secondary biliary, venous outflow, AIH, methotrexate (p281); amiodarone chronic injury (p307)",,text,exclude,exclude,Already covered (cryptogenic logged separately),
D-43,65,General failure of health. 2) Jaundice. 3) Hyperdynamic circulation,Features of hepatic failure,18 Liver Disease Assessment,"237, 238",Same list p237-238,,text,exclude,exclude,Already covered (missing items logged separately),
D-44,"57, 58, 59, 60, 61, 62, 63",Esophageal varices are superficial in position and tend to rupture.,Ch 02 Esophagus check for varices,02 Esophagus,16,"Book1 Ch 02 has no varices section; only 'after sclerosis of varices' as a stricture cause (printed 16). Varices in UGIB section Ch 03 (printed 50-51: band ligation, NPO until endoscopy)",,text,exclude,exclude,No earlier-chapter home; all variceal content belongs to Ch 23,
E-01,66,"Cirrhosis is the commonest cause, with malignancy, and less frequently cardiac failure and tuberculous peritonitis, being responsible for most other cases.",Ascites - relative frequency of causes,27 Ascites,338,p338: 'Cirrhosis is responsible for 80% of causes of ascites'; no ranking of the remaining causes.,"After cirrhosis, malignancy is the next commonest cause of ascites, followed less frequently by cardiac failure and tuberculous peritonitis.",text,include,include,Book gives only the 80% cirrhosis figure; source ranks the other causes.,Ch 27 · Causes and mechanism
E-02,66,Common causes of ascites by the presence or absence of portal hypertension,Ascites - causes classified by portal hypertension,27 Ascites,338,"p338 classifies causes only by mechanism (hydrostatic, oncotic, permeability, leakage, misc). Not found (searched: pseudomyxoma, mesothelioma, Familial Mediterranean, amyloid, sarcoidosis, veno-occlusive in Ch27).","Causes can also be grouped by portal hypertension. With portal hypertension: intrahepatic (cirrhosis, alcoholic hepatitis, active chronic hepatitis, liver failure, veno-occlusive disease, liver tumour, schistosomiasis, sarcoidosis, Budd-Chiari, focal nodular hyperplasia) and extrahepatic (heart failure, pericarditis, portal vein thrombosis). Without portal hypertension: peritoneal (carcinomatosis, mesothelioma, pseudomyxoma, infectious), hypoalbuminaemia (nephrotic syndrome, malnutrition, bowel disease) and mixed (myxoedema, pancreatic/biliary ascites, amyloidosis, familial Mediterranean fever, granulomatous disease).",text,include,include,Alternative clinically useful classification absent from book; complements SAAG table.,Ch 27 · Causes and mechanism
E-03,"66, 67",A) Increased hydrostatic pressure: 1. Cirrhosis. 2. Hepatic vein occlusion(Budd-Chiari syndrome).,Ascites - mechanistic causes A-E,27 Ascites,338,p338 reproduces the full A-E list.,-,text,exclude,exclude,Already covered verbatim.,
E-04,"67, 68",Renin acts on the basic substrate angiotensinogen made in the liver to form the decapeptide angiotensin I.,Renin-angiotensin physiology (background to ascites pathogenesis),27 Ascites,"338, 339","Not found (searched: juxtaglomerular, macula densa, angiotensinogen, ACE in book1/book2). Book names RAAS activation only (p339, p346).","Renin (from juxtaglomerular cells of the afferent arteriole) converts liver-made angiotensinogen to angiotensin I; ACE (mainly pulmonary endothelium) converts it to angiotensin II, a potent pressor that also stimulates aldosterone from the zona glomerulosa. Renin release is governed by juxtaglomerular cells (pressure transducers sensing renal perfusion), macula densa cells (chemoreceptors sensing distal Na/Cl load) and sympathetic beta-receptors (upright posture).",text,include,include,Physiology basis for underfill theory/HRS; absent from book. Reviewer may judge it out of scope for a clinical GI book.,Ch 27 · Causes and mechanism
E-05,68,Portal hypertension / Splanchnic vasodilation / Decreased effective circulatory volume / Activation of renin-angiotensin-aldosterone system / Renal sodium avidity / Renal vasoconstriction,Pathogenesis flow diagrams - common pathway ascites and HRS,27 Ascites,"339, 346",p339 gives underfill/overfill text chain; no figure. p346 gives HRS chain separately. Book does not link the two outcomes.,The same RAAS activation that follows splanchnic vasodilatation and reduced effective circulating volume causes renal sodium avidity (leading to ascites) and renal vasoconstriction (leading to hepatorenal syndrome); increased splanchnic pressure also increases lymph formation.,image-figure,include,include,Source diagram links ascites and HRS as two arms of one pathway; book lacks the diagram.,Ch 27 · Causes and mechanism
E-06,"68, 69",The mechanism involve inappropriate renal sodium and water retention either secondary to vascular changes,Ascites pathogenesis - underfill/overfill theories; mechanisms list,27 Ascites,"338, 339","p338-339 cover mechanisms list, underfill and overfill theories verbatim.",-,text,exclude,exclude,Already covered.,
E-07,69,Ascites may be graded as follow: Grade 1: Mild ascites: only detectable by ultrasound examination.,Ascites - grading and examination signs,27 Ascites,339,p339 has grades 1-3 and full examination signs (incl. pleural effusion 5-10%).,-,text,exclude,exclude,Already covered.,
E-08,70,Ultrasonography can detect as little as 30 mL of ascitic fluid with the patient in the right lateral decubitus position,"Ascites - imaging sensitivity (US, CT)",27 Ascites,340,"p340: 'Ultrasonography: to diagnose ascites, whether fluid is free or localized, to detect liver cirrhosis'. Not found: 30 mL, decubitus, CT for ascites.",Ultrasound can detect as little as 30 mL of ascitic fluid (right lateral decubitus position). CT may detect small amounts of ascites while also assessing liver and spleen size/state and the presence of varices and tumours.,text,include,include,Specific detection threshold and CT role absent.,Ch 27 · Investigations
E-09,70,A diagnostic paracentesis should be performed for new onset ascites or when a complication is suspected.,Diagnostic paracentesis - indications and technique,27 Ascites,340,"p340 lists paracentesis and analysis but no indications or technique. Not found (searched: gauge, angiocatheter, new onset).",Diagnostic paracentesis is indicated for new-onset ascites or when a complication is suspected; it is done under sterile conditions with a 20- to 23-gauge angiocatheter.,text,include,include,Indications/technique absent.,Ch 27 · Investigations
E-10,70,Triglyceride levels (elevated in Chylous ascites). Bilirubin level (may be elevated in bowel perforation).,Ascitic fluid analysis - additional tests,27 Ascites,340,"p340 lists only cells, culture, protein, albumin/SAAG. Not found in Ch27 (searched: Gram stain, triglyceride, bilirubin, glucose, amylase, LDH, cytology); LDH mentioned only for malignant ascites p340.",Other ascitic fluid tests: Gram stain; triglycerides (raised in chylous ascites); bilirubin (may be raised in bowel perforation); glucose; amylase (raised suggests pancreatic source); LDH; cytology. Ascitic albumin must be paired with serum albumin taken the same day to calculate SAAG.,text,include,include,Book list is materially shorter; interpretive clues are useful.,Ch 27 · Investigations
E-11,71,The gradient correlates directly with portal pressure.,SAAG - interpretation and accuracy,27 Ascites,340,"p340: SAAG formula, >1.1 in cirrhosis, and low/high gradient table. Not found: correlation with portal pressure, 97% accuracy.","SAAG correlates directly with portal pressure; a gradient >1.1 g/dL identifies portal-hypertensive ascites, and <1.1 g/dL excludes it, each with >97% accuracy. A low gradient mandates a search for other causes.",text,include,include,Accuracy and physiological meaning of SAAG absent.,Ch 27 · Investigations
E-12,71,High Gradient >= 1.1 g/dL (11 g/L) ... Fatty liver of pregnancy ... Massive liver metastases ... Myxedema ... Portal vein thrombosis ... Sinusoidal obstruction syndrome,SAAG - extended differential (image table),27 Ascites,340,"p340 table lists 5 high (cirrhosis, fulminant failure, alcoholic hepatitis, cardiac, Budd-Chiari) and 5 low causes. Not found in Ch27: fatty liver of pregnancy, metastases, myxedema, PVT, SOS, mixed ascites, bowel obstruction, lymphatic leak, serositis.","SAAG cut-off 1.1 g/dL = 11 g/L. Additional high-gradient causes: fatty liver of pregnancy, massive liver metastases, 'mixed' ascites, myxoedema, portal vein thrombosis, sinusoidal obstruction syndrome (text adds constrictive pericarditis). Additional low-gradient causes: bowel obstruction or infarction, postoperative lymphatic leak, serositis in connective tissue diseases (text adds pyogenic peritonitis).",image-table,include,include,Image table in source extends book's SAAG table.,Ch 27 · Investigations
E-13,"71, 72",Tuberculous ascites: History of TB toxemia. Matted intestinal loops.,"Differential diagnosis of ascites (TB, malignant, chylous, pericarditis, Budd-Chiari, ovarian)",27 Ascites,"340, 341",p340-341 reproduce the DDx list verbatim.,-,text,exclude,exclude,Already covered.,
E-14,72,Bed rest. 70-90 mmol sodium diet. ... After 4 days consider adding frusemide (furosemide) 40 mg daily.,Management of cirrhotic ascites - stepwise protocol box (image),27 Ascites,341,"p341: salt restriction 'main stay', spironolactone alone or combination; no sodium target, no timing for adding furosemide, no stop criteria. Not found (searched: mmol sodium, 70-90, flap, 4 days).","Stepwise regimen: bed rest and a 70-90 mmol sodium diet; spironolactone 100-200 mg daily; consider paracentesis if tense; after 4 days consider adding furosemide 40 mg daily; stop diuretics if pre-coma ('flap'), hypokalaemia, azotaemia or alkalosis; continue to monitor weight.",image-table,include,include,Quantified salt restriction and escalation timing absent from book.,Ch 27 · Management
E-15,73,Combination therapy Spironolactone 100 mg and Furosemide 40 mg.,"Diuretics, response targets, complications limiting diuretics",27 Ascites,"341, 342","p341-342 cover drugs, doses, max doses, response 0.5/1 kg/day, albumin+furosemide, small-volume paracentesis, and complications limiting diuretic therapy verbatim.",-,text,exclude,exclude,Already covered.,
E-16,74,It is divided into diuretic - resistant (ascites is not mobilized despite maximal diuretic dosage) and diuretic - intractable ascites,Refractory ascites - definition and subtypes,27 Ascites,342,"p342: 'An ascites is said to be resistant, if there is lack of response after dietary salt restriction& intensive diuretic therapy'. Not found: intractable, 10-20%.",Refractory ascites cannot be mobilised or prevented from recurring by medical therapy. It is subdivided into diuretic-resistant (not mobilised despite maximal diuretic dosage) and diuretic-intractable (diuretic-induced complications preclude an effective dose). It occurs in 10-20% of patients with ascites.,text,include,include,Subtype distinction and frequency absent.,Ch 27 · Management
E-17,74,The conditions that may contribute to refractory ascites include worsening of the primary liver disease,Refractory ascites - contributing conditions,27 Ascites,342,"Not found in Ch27 (searched: refractory, portal vein thrombosis, hepatotoxic near ascites).","Look for factors contributing to refractory ascites: worsening liver disease (active inflammation), portal or hepatic vein thrombosis, GI bleeding, infection/SBP, malnutrition, HCC, superimposed cardiac or renal disease, and hepatotoxic (alcohol, acetaminophen) or nephrotoxic substances.",text,include,include,Absent; practical checklist.,Ch 27 · Management
E-18,74,The procedure involves the daily removal of 4 to 6 L of ascitic fluid until the abdomen is completely evacuated,Large-volume paracentesis - protocol,27 Ascites,342,"p342: 'removal of > 5 L ... with IV albumin (8gm/L removed) ... safe & effective'. Not found: 4-6 L daily, 2-4 weeks, continuation of diuretics, reserved for tense/refractory.","Large-volume paracentesis removes 4-6 L daily until the abdomen is emptied, may be repeated every 2-4 weeks, and should be reserved for tense or diuretic-refractory ascites; diuretics and sodium restriction must continue afterwards to prevent rapid reaccumulation. Albumin also prevents post-paracentesis circulatory dysfunction.",text,include,include,"Book gives volume/albumin only; source adds schedule, indication and post-procedure measures. Note book '>5 L' vs source 'daily 4 to 6 L' are compatible framings, not flagged as discrepancy.",Ch 27 · Management
E-19,74,Peritoneovenous shunts,Refractory ascites - peritoneovenous shunt,27 Ascites,342,"Not found (searched: peritoneovenous, LeVeen, Denver).",Peritoneovenous shunting is listed as an option for refractory ascites (source gives no further detail; illustrated on p74).,image-figure,include,include,Option absent from book; source provides only the name and a figure.,Ch 27 · Management
E-20,74,"Early experience with TIPS showed a reduction in diuretic requirements, and a fall in plasma renin and aldosterone activities.",TIPS in refractory ascites - effects and indications,27 Ascites,"342, 316","p342: TIPS bridges hepatic and portal vein branches, may increase HE. p316 (Ch23): TIPS technique, variceal bleeding. Not found: renin/aldosterone fall, liver failure risk, hepatic hydrothorax/HRS/Budd-Chiari indications.","In refractory ascites, TIPS reduces diuretic requirements and lowers plasma renin and aldosterone, but may precipitate hepatic encephalopathy and/or liver failure. Its indications include variceal bleeding, refractory ascites, Budd-Chiari syndrome, hepatic hydrothorax and hepatorenal syndrome.",text,include,include,Additional effects/indications absent.,Ch 27 · Management
E-21,75,The spontaneous type develops in about 8% of cirrhotic patients with ascites. It is particularly frequent if the cirrhosis is severely decompensated.,SBP - epidemiology,27 Ascites,343,"p343: 'affects 10% of cirrhotic patients'. Not found: 8% of those with ascites, post-paracentesis infection, decompensation.",Ascitic fluid infection may be spontaneous or follow a previous paracentesis; the spontaneous type develops in about 8% of cirrhotic patients with ascites and is particularly frequent in severely decompensated cirrhosis.,text,include,include,Absent detail.,Ch 27 · Spontaneous bacterial peritonitis
E-22,75,"The infection is blood-borne and in 90% monomicrobial. In cirrhotic patients, bacterial overgrowth and small intestinal dysmotility may contribute.",SBP - microbiology and host factors,27 Ascites,343,"p343: 'monomicrobial (single organism), E-coli, pneumococci, Klebsiella and gram-positive'; decreased opsonins, abnormal neutrophils. Not found in Ch27: 90%, overgrowth, dysmotility, mesenteric lymph nodes, reticulo-endothelial, anaerobic, polymicrobial.","SBP is monomicrobial in 90%; small-bowel bacterial overgrowth and dysmotility promote translocation of gut bacteria to mesenteric lymph nodes, and reticulo-endothelial function is impaired. Infection with more than one organism suggests paracentesis-related infection; anaerobic infection is rare.",text,include,include,Materially more specific than book; polymicrobial/anaerobic clues are practically useful.,Ch 27 · Spontaneous bacterial peritonitis
E-23,76,Bacterascites ... Good opsonic activity -> Resolution ... Intermediate-poor opsonic activity -> SBP,SBP - pathogenesis flow diagram,27 Ascites,343,"No figure in book (p343 viewed). Not found: bacterascites, opsonic activity, portosystemic shunt/RES pathway.","Gut bacteria (overgrowth, altered permeability, translocation) reach the systemic circulation via mesenteric lymph nodes or the portal vein (bypassing liver RES through portosystemic shunts); reduced RES and complement activity allow bacteraemia and bacterascites, which resolves if ascitic opsonic activity is good but progresses to SBP if opsonic activity is intermediate-poor.",image-figure,include,include,Figure-only content absent from book.,Ch 27 · Spontaneous bacterial peritonitis
E-24,76,"Patients with variceal bleeding or with previous spontaneous bacterial peritonitis are at particular risk. ... These features, however, may be absent",SBP - risk groups and silent presentation,27 Ascites,343,"p343: suspect in any deteriorating cirrhotic; lists symptoms. Not found: variceal bleeding/previous SBP as risk, features may be absent.","Patients with variceal bleeding or previous SBP are at particular risk; classic features (fever, pain, leucocytosis) may be absent, so diagnosis relies on a high index of suspicion and ascitic fluid examination, especially in a cirrhotic who deteriorates with encephalopathy.",text,include,include,Absent practical points.,Ch 27 · Spontaneous bacterial peritonitis
E-25,76,The risk of spontaneous bacterial peritonitis is particularly high in cirrhotic patients with upper gastrointestinal haemorrhage or doing sclerotherapy. ... 400mg/12h for a minimum of 7 days,SBP prophylaxis in GI bleeding,27 Ascites,344,"p344: 'Patients doing sclerotherapy should receive norfloxacin 400mg/12 hours days.' (duration missing, GI haemorrhage not mentioned). Primary/secondary prophylaxis covered.",Cirrhotic patients with upper GI haemorrhage (as well as those undergoing sclerotherapy) should receive norfloxacin 400 mg every 12 h for a minimum of 7 days; the same is recommended for recurrent peritonitis.,text,include,include,Book sentence is truncated (no duration) and omits GI haemorrhage group.,Ch 27 · Spontaneous bacterial peritonitis
E-26,77,"Five days of parenteral, third-generation cephalosporin such as cefotaxime is usually effective. A minimal duration of 5 days of treatment is recommended.",SBP treatment - duration and alternatives,27 Ascites,343,"p343: third-generation cephalosporins first line; examples of doses. Not found: duration 5 days, amoxicillin-clavulanate equivalence, renal complication risk.","Treat SBP empirically for a minimum of 5 days (e.g. parenteral cefotaxime); amoxicillin-clavulanic acid is as effective as third-generation cephalosporins. SBP patients are at particular risk of renal complications (related to systemic vascular changes), which is why albumin is added.",text,include,include,Duration and alternative absent.,Ch 27 · Spontaneous bacterial peritonitis
E-27,77,"Because of reduced survival, spontaneous bacterial peritonitis is an indication to consider hepatic transplantation, particularly if recurrent.",SBP - transplant indication and prognosis,27 Ascites,343,"p343: 'SBP is an indication to list the patient for liver transplantation'; prognosis 25% die, 70% recur; mortality ~20%.",-,text,exclude,exclude,"Covered (only 'particularly if recurrent' extra, trivial). Note: source and book both carry the internal 20% vs 25% mortality figures; not a source-book discrepancy.",
E-28,78,The kidneys are anatomically and histologically normal and capable of normal function. ... The primary abnormality in the kidneys is altered blood flow.,HRS - definition details,28 Renal Impairment in Cirrhosis,346,"p346: 'functional liver failure ... histology of the kidney is normal'. Not found: progressive, capable of normal function, tense ascites, sympathetic tone.","HRS is progressive; the kidneys are anatomically and histologically normal and capable of normal function (the defect is altered renal blood flow). Most patients have decompensated cirrhosis with tense ascites, and the haemodynamic changes result from decreased effective blood volume and increased sympathetic tone.",text,include,include,Adds reversibility concept and sympathetic tone.,Ch 28 · Hepatorenal syndrome
E-29,78,"Pathogenesis of hepatorenal syndrome: Arterial vasodilatation in the splanchnic and systemic circulation, Renal vasoconstriction, Cardiac dysfunction.",HRS - pathogenesis components and flow figure,28 Renal Impairment in Cirrhosis,346,"p346: vasodilatation theory chain (RAAS, ADH, sympathetic; vasoconstrictors up, PGE2/NO down). Not found: cardiac dysfunction.","Three components drive HRS: splanchnic/systemic arterial vasodilatation, renal vasoconstriction and cardiac dysfunction. Figure chain: portal hypertension -> splanchnic vasodilatation -> central arterial hypovolaemia -> sympathetic/RAAS/ADH activation -> intrarenal vasoconstrictors up and vasodilators down -> progressive renal vasoconstriction -> HRS.",image-figure,include,include,Cardiac dysfunction component and figure absent.,Ch 28 · Hepatorenal syndrome
E-30,"78, 79",AKI in cirrhosis is now defined by an increase in serum creatinine >=0.3 mg/dL within 48 hours,"AKI definition, AKI types, HRS-AKI/NAKI classification, HRS-AKI criteria",28 Renal Impairment in Cirrhosis,"346, 347","p346-347 reproduce definition, types, classification, criteria verbatim.",-,text,exclude,exclude,Already covered.,
E-31,79,AKI is then categorized into 3 stages of increasing severity:,AKI staging,28 Renal Impairment in Cirrhosis,346,p346 has the same dangling sentence without stages.,-,text,exclude,exclude,Source itself does not list the 3 stages (truncated); nothing to add. Reviewer may wish to note both source and book leave this sentence incomplete.,
E-32,79,Serum creatinine level >= 1.5 mg/dL (133 umol/L) ... remains >= 1.5 mg/dL) 48 hr after diuretic withdrawal and adequate volume expansion with IV albumin,HRS - classic criteria with creatinine threshold (image table),28 Renal Impairment in Cirrhosis,"346, 347","Book criteria (p346-347) have no creatinine threshold. Not found (searched: 1.5 mg, 133 umol).","The older (classic) HRS criteria use a serum creatinine >=1.5 mg/dL (133 umol/L) that remains >=1.5 mg/dL 48 h after diuretic withdrawal and IV albumin volume expansion, plus absence of shock, nephrotoxins and intrinsic renal disease.",image-table,include,include,Threshold absent from book; label as classic criteria to avoid confusion with ICA HRS-AKI definition.,Ch 28 · Hepatorenal syndrome
E-33,79,"These include renal failure from exposure to toxins such as acetaminophen, NSAIDs, and carbon tetrachloride; infections; acute tubular necrosis due to hypotension",HRS - differential diagnosis,28 Renal Impairment in Cirrhosis,"346, 347","p346: lists AKI types (pre-renal, HRS, ATN, post-renal). Not found: carbon tetrachloride, acetaminophen, angiographic dyes, obstructive uropathy in this context.","HRS must be distinguished from renal failure due to toxins (acetaminophen, NSAIDs, carbon tetrachloride), infections, ATN from hypotension or aminoglycosides/angiographic dyes, and obstructive uropathy.",text,include,include,More specific DDx than book.,Ch 28 · Hepatorenal syndrome
E-34,80,Terlipressin can be administered by IV boluses (1 mg every 4-6 hours) or by continuous IV infusion (2 mg/day).,"HRS treatment - terlipressin, albumin, noradrenaline, midodrine+octreotide, NGAL (text)",28 Renal Impairment in Cirrhosis,347,p347 reproduces all text bullets verbatim; ICA algorithm figure at p348.,-,text,exclude,exclude,Already covered.,
E-35,80,"Prevention of HRS: Avoid intravascular volume depletion (diuretics, lactulose, GI bleeding, large-volume paracentesis without adequate volume repletion)",HRS prevention (image table),28 Renal Impairment in Cirrhosis,347,"Not found (searched: prevention of HRS, pentoxifylline, SBP prophylaxis in Ch28).","HRS prevention: avoid intravascular volume depletion (diuretics, lactulose, GI bleeding, large-volume paracentesis without volume repletion); use nephrotoxins (ACEIs, ARBs, NSAIDs, antibiotics) judiciously; diagnose and treat infections promptly with SBP prophylaxis; pentoxifylline for severe alcoholic hepatitis; prevent variceal bleeding.",image-table,include,include,Prevention section absent from book.,Ch 28 · Hepatorenal syndrome
E-36,80,"IV albumin - bolus of 1 g/kg/day on presentation (maximum dose, 100 g daily). Continue at dose of 20-60 g daily ... central venous pressure between 10 and 15 cm H2O",HRS treatment - detailed dosing (image table),28 Renal Impairment in Cirrhosis,347,"p347: albumin 20% at 20-40 g/day; midodrine+octreotide named without doses; noradrenaline named without dose; no treatment duration. Not found: 100 g, 10-15 cm H2O, midodrine/octreotide/norepinephrine doses, 2 weeks.","Treatment of HRS: stop nephrotoxic agents (incl. diuretics), treat infection; IV albumin 1 g/kg/day bolus (max 100 g) then 20-60 g/day to keep CVP 10-15 cmH2O; midodrine 2.5-5 mg orally tds up to 15 mg tds (target MAP rise >=15 mmHg) with octreotide 100 ug SC tds up to 200 ug tds (or 25 ug IV bolus then 25 ug/h); or norepinephrine 0.1-0.7 ug/kg/min IV, increased by 0.05 every 4 h to MAP rise >=10 mmHg. Vasopressor treatment is generally continued for up to 2 weeks until HRS reversal or transplant; evaluate for liver transplantation.",image-table,include,include (partial),Dosing detail absent. Albumin maintenance range differs from book text (see discrepancy row). | Terlipressin escalation and albumin 20–60 g/day maintenance omitted because of unresolved discrepancy E-37.,Ch 28 · Hepatorenal syndrome
E-37,80,Terlipressin - start at 1 mg IV every 4 hr and increase up to 2 mg IV every 4 hr if baseline serum creatinine level does not improve by 25% at day 3 of therapy,HRS treatment - terlipressin escalation and albumin dose,28 Renal Impairment in Cirrhosis,347,"p347: terlipressin 1 mg q4-6h or 2 mg/day infusion; escalate if SCr decrease <25% 'after 2 days', to max 12 mg/day; albumin 20% at 20-40 g/day.","Source image table (a different reference) gives escalation to 2 mg q4h if creatinine has not improved by 25% at day 3, and maintenance albumin 20-60 g/day; book (and source text) give escalation after 2 days (max 12 mg/day) and albumin 20-40 g/day.",image-table,discrepancy,discrepancy,"Same point, different numbers: day 3 vs 2 days for terlipressin escalation; albumin 20-60 vs 20-40 g/day. Both appear in the source (text vs image); book carries only the text version.",
F-01,81,About 70–80% of the 250–300 mg of bilirubin produced each day is derived from the breakdown of hemoglobin in senescent red blood cells.,Bilirubin production: daily amount and sources,18 Liver Disease Assessment,"245, 350, 392","p245: 'Bilirubin is the end product of heme degradation' (no quantity/proportions); Fig 35.3 p392 names red cell destruction, heme protein catabolism, bone marrow erythropoiesis as sources without figures. Not found (searched: 250, 300 mg, 70–80%, senescent, myoglobin, reticuloendothelial, spleen)","About 250–300 mg of bilirubin is produced daily; 70–80% comes from haemoglobin of senescent red cells, the remainder from prematurely destroyed erythroid cells in the marrow and turnover of haemoproteins such as myoglobin. Bilirubin is formed in reticuloendothelial cells, primarily in the spleen and liver.",text,include,include,Quantitative and site detail absent from book; useful for understanding haemolytic and shunt hyperbilirubinaemia.,Ch 18 · Bilirubin and bile-acid metabolism
F-02,"81, 82","After entering the hepatocyte, unconjugated bilirubin is bound to the cytosolic protein ligandin.","Hepatic processing of bilirubin: four steps, ligandin, canalicular secretion",18 Liver Disease Assessment,245,"p245: 'Carrier mediated uptake by hepatic cells, Conjugation to glucuronic acid and Excretion into bile'; unconjugated bilirubin 'tightly complexed to serum albumin'. Not found (searched: ligandin, cytosolic binding, endoplasmic reticulum, monoglucuronide, diglucuronide, canalicular bile)","Hepatocyte processing of bilirubin has four steps: uptake, cytosolic binding, conjugation and secretion. Albumin-bound unconjugated bilirubin is taken up by the hepatocyte (the albumin is not), binds the cytosolic protein ligandin, is conjugated to glucuronic acid in the endoplasmic reticulum, and the mono- and diglucuronides are actively transported into canalicular bile.",text,include,include,"Book gives three steps and omits cytosolic binding (ligandin), ER site and active canalicular transport of mono/diglucuronides.",Ch 18 · Bilirubin and bile-acid metabolism
F-03,82,"Conjugated bilirubin is not taken up by the intestinal mucosa. When the conjugated bilirubin reaches the distal ileum and colon, it is hydrolyzed to unconjugated bilirubin.",Intestinal fate of conjugated bilirubin,18 Liver Disease Assessment,245,"p245: 'The gut bacterial deconjugate most bilirubin to colorless urobilinogen'; Fig 35.3 p392 'Bacterial deconjugation'. Site and non-absorption not stated (searched: intestinal mucosa, distal ileum, proximal small bowel, hydrolyzed)","Conjugated bilirubin passes unchanged through the proximal small bowel and is not absorbed by the intestinal mucosa; only in the distal ileum and colon is it hydrolysed to unconjugated bilirubin, which gut bacteria then reduce to colourless urobilinogens.",text,include,include,"Adds anatomical site and the non-absorption of conjugated bilirubin, absent from book.",Ch 18 · Bilirubin and bile-acid metabolism
F-04,82,"The remaining 10–20% of the urobilinogens are passively absorbed, enter the portal venous blood, and are re-excreted by the liver.",Fate of reabsorbed urobilinogen (enterohepatic vs urinary),18 Liver Disease Assessment,245,p245: '10-20% of urobilinogen are reabsorbed in the ileum and colon and escape enterohepatic circulation and pass to the kidney to be excreted in urine.',"Source: about 80–90% of urobilinogens are excreted in faeces (as stercobilinogen/stercobilin); the 10–20% that are absorbed enter the portal blood and are re-excreted by the liver, and only a small fraction escapes hepatic uptake and is excreted in urine (source figure: ~80% faeces, ~18% enterohepatic, ~2% urine). Book p245 states the absorbed 10–20% escape the enterohepatic circulation and are excreted in urine.",text,discrepancy,discrepancy,Source and book differ on whether the reabsorbed 10–20% mainly recirculates to the liver or goes to urine. Source's '(usually <3 mg/dL)' urinary figure has doubtful units and is not carried into the contribution.,
F-05,"83, 84","Decreased hepatocellular uptake Examples: drugs (e.g., rifampin). Decreased conjugation Examples: Gilbert's and Crigler-Najjar syndromes.",Mechanistic category of Gilbert's syndrome,18 Liver Disease Assessment,"245, 350, 351",p350/351 match source (Gilbert = decreased conjugation; 'deficiency in hepatic bilirubin glucuronidation'). p245 lists Gilbert under 'II-Decrease uptake' ('defect of hepatic uptake and/or decrease of conjugation').,Source classifies Gilbert's syndrome under decreased conjugation (deficiency of hepatic bilirubin glucuronidation) and gives drugs such as rifampin as the example of decreased hepatocellular uptake; book p245 places Gilbert's under 'decrease uptake'.,text,discrepancy,discrepancy,Different classification heading for Gilbert's between source (and book Ch 29) and book Ch 18 p245.,
F-06,87,Clues To The Differential Diagnosis Of Jaundice: Biliary Obstruction Versus Liver Disease,Clinical/lab clues: biliary obstruction vs liver disease,29 Jaundice,"353, 354, 397, 398","Not found as a table (searched: prior biliary surgery, older age, surgical scar, rigors, viral prodrome, spider, asterixis, leukocytosis, amylase, lipase, thrombocytopenia). Partial: p246 PT normalises after parenteral vitamin K when due to malabsorption; Fig 29.1 p354 separates hepatocellular vs cholestatic enzyme pattern; p397–398 compares calcular vs malignant obstruction only.","Favouring biliary obstruction: abdominal pain, fever/rigors, prior biliary surgery, older age; on examination fever, abdominal tenderness, palpable mass or surgical scar; ALP elevated out of proportion to aminotransferases, PT normal or normalising with vitamin K, leukocytosis, raised amylase/lipase. Favouring liver disease: anorexia, malaise, myalgias (viral prodrome), known viral exposure, blood products or injection drug use, hepatotoxin exposure, family history; spider telangiectasias, stigmata of portal hypertension, asterixis; aminotransferases out of proportion to ALP, PT not normalising with vitamin K, thrombocytopenia, positive serology.",image-table,include,include,Image-borne comparison table absent from book; practical bedside discriminator.,Ch 29 · Approach
F-07,87,Causes of isolated elevation of alkaline phosphatase,Causes of isolated raised ALP,18 Liver Disease Assessment,245,"p245: ALP 'also elevated in non-hepatic disorders as bone diseases'. Not found (searched: isolated, granulomatous liver, lymphoma, hyperthyroid, metastatic, sclerosing cholangitis in ALP context)","Causes of an isolated rise in alkaline phosphatase include primary or metastatic hepatic tumours, granulomatous liver disease, primary biliary cirrhosis, non-Hodgkin lymphoma, hyperthyroidism, bone diseases with rapid turnover, and sclerosing cholangitis.",image-table,include,include,Image-borne list absent from book beyond 'bone diseases'.,Ch 18 · Liver function tests
F-08,87,"Cholestasis. Alkaline phosphatase, GGT, 5 nucleotidase.",LFT grouping by function; 5'-nucleotidase,18 Liver Disease Assessment,"238, 245","p238 and p245 cover albumin, PT, bilirubin, ALT/AST, ALP, GGT individually. Not found (searched: nucleotidase, detoxification, synthetic function, serum ammonia as LFT)","Liver function tests can be grouped by what they reflect: detoxification/excretory function (serum and urine bilirubin, serum ammonia), liver cell injury (AST, ALT), cholestasis (ALP, GGT, 5'-nucleotidase) and synthetic function (serum albumin, coagulation factors).",image-table,include,include,Functional grouping and 5'-nucleotidase not in book; small incremental addition.,Ch 18 · Liver function tests
F-09,87,Approach To Patient With Laboratory Proved Cholestasis,Ultrasound-led algorithm for proven cholestasis; jaundice algorithm,29 Jaundice,"241, 354, 394","Fig 29.1 p354 reproduces the source jaundice algorithm (ultrasound, dilated vs non-dilated ducts, CT/ERCP, AMA, MRCP/liver biopsy); p241 'MRCP is usually the next test if a biliary abnormality is present on US'; p394 ultrasound initial, ERCP.",(none - covered),image-figure,exclude,exclude,Already covered by Fig 29.1 and Ch 18/35 imaging text; the small cholestasis flowchart adds nothing material.,
F-10,85,"Bile duct proliferation ... Primary biliary cirrhosis, Allograft rejection, Graft versus host ... Biliary atresia, Idiopathic adult ductopenia",Sites of intrahepatic cholestasis (figure),29 Jaundice,352,"p352 lists intrahepatic conditions producing cholestasis (text list). Not found (searched: ductopenia, graft versus host, allograft, benign recurrent, endotoxin in cholestasis)","Intrahepatic cholestasis can be localised by level: hepatocyte (viral, drug, alcoholic hepatitis; post-necrotic cirrhosis; endotoxin), canaliculus (familial benign recurrent cholestasis; hormones, pregnancy, drugs), bile ductules/ducts (primary biliary cirrhosis, allograft rejection, graft-versus-host disease, biliary atresia, idiopathic adult ductopenia) and larger ducts (primary and secondary sclerosing cholangitis).",image-figure,include,include,"Image-borne anatomical classification with causes (GVHD, allograft rejection, adult ductopenia, benign recurrent cholestasis) absent from book.",Ch 29 · Approach
F-11,"83, 84, 85, 86, 87",Cholestasis is defined as the failure of normal bile to reach the duodenum.,"Jaundice approach, Gilbert's, cholestasis definitions/classification/clinical/extra-hepatic effects/labs",29 Jaundice,"350, 351, 352, 353, 354","Reproduced near-verbatim on p350–354 (including AST <100 iu/l, ALP >3x ULN, hepatic osteodystrophy, extra-hepatic effects).",(none - covered),text,exclude,exclude,Already covered verbatim.,
F-12,90,"About half of the ammonia arising from the intestine is synthesized by bacteria, the remainder coming from dietary protein and glutamine.","Ammonia sources, urea cycle and blood levels in HE",30 Hepatic Encephalopathy,358,"p358: 'Ammonia is thought to play an important role'; Fig 30.3 shows ↑blood NH3. Not found (searched: ammonia is produced, bacteria half, urea cycle/ornithine cycle, 90% of patients, glutamine source)","Ammonia comes from breakdown of proteins, amino acids, purines and pyrimidines; about half of intestinal ammonia is made by bacteria, the rest from dietary protein and glutamine. The liver normally converts ammonia to urea (urea/ornithine cycle, mainly in the liver and to a lesser extent the kidney) and glutamine. Blood ammonia is elevated in 90% of patients with hepatic encephalopathy, and brain levels are also increased.",text,include,include,Ammonia physiology and the 90% figure absent from book.,Ch 30 · Pathogenesis
F-13,90,"This might be due to increased metabolism by skeletal muscle and kidneys, secondary to the hyperinsulinemia of chronic liver disease.",Amino acid imbalance and false neurotransmitters in HE,30 Hepatic Encephalopathy,"358, 360","p360: BCAA low and aromatic amino acids increased in cirrhosis (fact only); Fig 30.2 p358 labels 'False neurotransmitters'. Not found (searched: phenylalanine, tyrosine, tryptophan, deamination, hyperinsulin, dopa)","Aromatic amino acids (tyrosine, phenylalanine, tryptophan) rise probably through failed hepatic deamination, while branched-chain amino acids (valine, leucine, isoleucine) fall, possibly from increased muscle and renal metabolism driven by the hyperinsulinaemia of chronic liver disease. The imbalance lets more aromatic amino acids cross an abnormal blood–brain barrier; raised brain phenylalanine inhibits dopa production and leads to false neurotransmitters.",text,include,include,Mechanism explaining the BCAA therapy rationale is absent from book text.,Ch 30 · Pathogenesis
F-14,90,"GABA is synthesized by gut bacteria, and that entering the portal vein is metabolized by the liver.",GABA in hepatic encephalopathy,30 Hepatic Encephalopathy,358,"Fig 30.2/30.3 p358 show '↑ GABA'/'Inhibitory (GABA/BZ)' labels only. Not found in text (searched: GABA, aminobutyric)","GABA, the brain's principal inhibitory neurotransmitter, is produced by gut bacteria and normally cleared by the liver from portal blood; in liver failure or portal-systemic shunting it reaches the systemic circulation, and plasma GABA is increased in liver disease with hepatic encephalopathy.",text,include,include,Mechanistic explanation absent; book only has figure labels.,Ch 30 · Pathogenesis
F-15,90,"NH3 ↑ ... Reduced hepatic removal ... Reduced muscle metabolism ... ↓ Blood/brain barrier, Astrocyte damage, ↑Glutamine ↓ Glutamate",Sources and cerebral effects of raised ammonia (figure),30 Hepatic Encephalopathy,358,"Fig 30.3 p358 covers astrocyte swelling (↑Glu and Gln) and BBB permeability; this separate ammonia figure is not reproduced. Not found (searched: muscle metabolism of ammonia outside ALF/LOLA, excitatory pathways)","Blood ammonia rises from intestinal protein/bacteria, reduced hepatic removal and reduced muscle metabolism; raised ammonia damages the blood–brain barrier and astrocytes, increases glutamine (lowering glutamate), and directly reduces excitatory and increases inhibitory neural activity.",image-figure,include,merged,Image-borne summary partly overlaps Fig 30.3 but adds reduced muscle metabolism as a source and direct excitatory/inhibitory effects; marginal - reviewer may merge with F-12. | Merged with F-12 (same ammonia mechanism).,Ch 30 · Pathogenesis
F-16,91,Identification and treatment of the precipitating cause Intervention to reduce the production and absorption of gut derived ammonia and other toxins,Treatment strategies for HE,30 Hepatic Encephalopathy,359,"p359 goes straight to Diet/Antibiotics/Lactulose; no strategy framework. Not found (searched: treatment strategies, precipitating cause, neurotransmitter balance)",Treatment of hepatic encephalopathy rests on three strategies: identify and treat the precipitating cause; reduce production and absorption of gut-derived ammonia and other toxins; and give agents that modify neurotransmitter balance.,text,include,include,"Organising framework, notably 'treat the precipitant', is missing from the book's treatment section.",Ch 30 · Treatment framework
F-17,"88, 89, 91, 92",In the acute attack dietary protein is reduced to 20 g/day.,"HE definition, types, clinical features, precipitants, diet, antibiotics, lactulose, LOLA, levodopa, BCAA, transplant",30 Hepatic Encephalopathy,"356, 357, 358, 359, 360",Reproduced near-verbatim on p356–360 including Fig 30.1 types table and Fig 30.3. Book p359 already flags the 20 g/day vs 1.2–1.5 g/kg/day (p286) protein discrepancy.,(none - covered),text,exclude,exclude,"Already covered; diet discrepancy already annotated in book. Note: source and book both read rifaximin 'alters the intestinal flora with any systemic side effects' (likely intended 'without') - source unclear, not corrected here.",
F-18,94,"persistent vasodilatation and loss of auto-regulation may generate hyperemia, and the consequent augmentation in cerebral blood volume may exacerbate brain edema.",Mechanism of cerebral oedema in ALF,31 Acute Hepatic Failure,363,"p363 gives cerebral oedema as hallmark/major cause of death and its clinical features but omits the cerebral blood flow sentence. Not found (searched: cerebral blood flow, hyperemia, autoregulation, cerebral blood volume)","In acute liver failure cerebral blood flow is disturbed and generally increased: persistent vasodilatation and loss of autoregulation cause hyperaemia, and the resulting rise in cerebral blood volume may worsen brain oedema.",text,include,include,Sentence dropped from book; explains why hyperventilation is used for impending herniation.,Ch 31 · Cerebral oedema
F-19,"93, 94, 95, 96",Coagulopathy and Encephalopathy are the twin cardinal features that reflect the severity of liver injury,"ALF definition, classification, causes, clinical features, diagnostic studies, management (neuro, ICP, infection, coagulopathy, haemodynamics, metabolic, NAC, transplant)",31 Acute Hepatic Failure,"362, 363, 364, 365, 366","Reproduced near-verbatim including Figs 31.1–31.4 (classification, causes, diagnostic studies) and all management doses (mannitol, hypertonic saline, vitamin K, platelets <10 000, rFVIIa, cryoprecipitate, hydrocortisone, noradrenaline, NAC within 15 h).",(none - covered),text,exclude,exclude,Already covered verbatim.,
F-20,82,Serum Free bilirubin ... Brain ... Placenta ... Maternal organism,Free bilirubin crossing to brain/placenta (figure),29 Jaundice,350,"Not found (searched: free bilirubin, placenta, kernicterus)",(not proposed),image-figure,exclude,exclude,Figure-only label with no explanatory statement in source; too thin to add without supplementing from memory.,
